"Ref","SHA","Tree","Upstream","CommitterDate","Author","Subject"
"main","555a14f7529a566dc4e050e41451e76810eda301","a00783769d871e82d98af273ab4357c2675fe780","origin/main","2026-06-21 23:14:04 -0600","AugustoMelara-Dev","merge: close S_Hospital software release"
"origin","555a14f7529a566dc4e050e41451e76810eda301","a00783769d871e82d98af273ab4357c2675fe780","","2026-06-21 23:14:04 -0600","AugustoMelara-Dev","merge: close S_Hospital software release"
"origin/main","555a14f7529a566dc4e050e41451e76810eda301","a00783769d871e82d98af273ab4357c2675fe780","","2026-06-21 23:14:04 -0600","AugustoMelara-Dev","merge: close S_Hospital software release"
"codex/close-software-release","122aaa3098d7499023cf38f8108239f89130b444","a00783769d871e82d98af273ab4357c2675fe780","origin/codex/close-software-release","2026-06-21 23:13:42 -0600","AugustoMelara-Dev","docs(qa): close software release and defer site acceptance"
"origin/codex/close-software-release","122aaa3098d7499023cf38f8108239f89130b444","a00783769d871e82d98af273ab4357c2675fe780","","2026-06-21 23:13:42 -0600","AugustoMelara-Dev","docs(qa): close software release and defer site acceptance"
"codex/final-main-candidate","50aecbdb57ca138e90cfb25c66f851bce0fa6bd7","8e4b64a3f881fcbf25fdab1b7358abc5dcae1bf0","origin/codex/final-main-candidate","2026-06-21 13:12:18 -0600","AugustoMelara-Dev","docs(qa): record final main integration gates"
"origin/codex/final-main-candidate","50aecbdb57ca138e90cfb25c66f851bce0fa6bd7","8e4b64a3f881fcbf25fdab1b7358abc5dcae1bf0","","2026-06-21 13:12:18 -0600","AugustoMelara-Dev","docs(qa): record final main integration gates"
"codex/visual-completion-rc","23788fde5145c1361d6a2a12a8c229ece5d2374a","8ec27d281ea4bcccc0c68e9bb8a8aad0ed3180e4","origin/codex/visual-completion-rc","2026-06-21 12:19:38 -0600","AugustoMelara-Dev","test(ui): document visual completion evidence"
"origin/codex/visual-completion-rc","23788fde5145c1361d6a2a12a8c229ece5d2374a","8ec27d281ea4bcccc0c68e9bb8a8aad0ed3180e4","","2026-06-21 12:19:38 -0600","AugustoMelara-Dev","test(ui): document visual completion evidence"
"checkpoint/pre-visual-completion-20260621-1137","10d7413daf48f606ef9d913792ed90454a7143d0","e886aba03f3ff6af6bdfc110c209bee010967806","origin/checkpoint/pre-visual-completion-20260621-1137","2026-06-21 11:08:36 -0600","AugustoMelara-Dev","docs(qa): classify release dependency warnings"
"codex/integration-release-candidate","10d7413daf48f606ef9d913792ed90454a7143d0","e886aba03f3ff6af6bdfc110c209bee010967806","origin/codex/integration-release-candidate","2026-06-21 11:08:36 -0600","AugustoMelara-Dev","docs(qa): classify release dependency warnings"
"origin/checkpoint/pre-visual-completion-20260621-1137","10d7413daf48f606ef9d913792ed90454a7143d0","e886aba03f3ff6af6bdfc110c209bee010967806","","2026-06-21 11:08:36 -0600","AugustoMelara-Dev","docs(qa): classify release dependency warnings"
"origin/codex/integration-release-candidate","10d7413daf48f606ef9d913792ed90454a7143d0","e886aba03f3ff6af6bdfc110c209bee010967806","","2026-06-21 11:08:36 -0600","AugustoMelara-Dev","docs(qa): classify release dependency warnings"
"origin/codex/ui-institutional-receipt","dbf7aac2aa0e931e457ec3565e6bd87640a3dc5d","3f04db7539e4d7528137b9a575a9399ecb243f61","","2026-06-21 07:32:37 -0600","AugustoMelara-Dev","test(receipt): verify real PDF output across formats"
"origin/codex/ui-cashbox","c28eeae42efccecc6e007e9c629192ea00fdbe8b","39fdad3b146833f03f1ecadaa93f68b4cb58917f","","2026-06-21 06:33:05 -0600","AugustoMelara-Dev","test(cash): cover permissions reconciliation and concurrency states"
"origin/codex/ui-invoice-history","9588d19437e92d00b124fecd57c2328f2b01b630","ae5697a7674938ff6a1a8360a30c6eaada38024d","","2026-06-21 03:41:14 -0600","AugustoMelara-Dev","test(invoice): cover history structure filters and permissions"
"origin/codex/ui-payment-modal","5187ededb7717dc0c24ae6f846e0362995599ac0","4b9750b75df1c883964f469e7cdfc485818d98e4","","2026-06-21 03:11:08 -0600","AugustoMelara-Dev","test(payment): cover amounts permissions and receipt handoff"
"codex/cash-concurrency-hardening","add73a642aa3cabb0dbdbe0c9e040593bcd84e20","506e6ecacb8c5f86dc00a7b1e03596207b9bd32a","origin/codex/cash-concurrency-hardening","2026-06-21 02:48:04 -0600","AugustoMelara-Dev","docs(qa): preserve final readiness evidence"
"origin/codex/cash-concurrency-hardening","add73a642aa3cabb0dbdbe0c9e040593bcd84e20","506e6ecacb8c5f86dc00a7b1e03596207b9bd32a","","2026-06-21 02:48:04 -0600","AugustoMelara-Dev","docs(qa): preserve final readiness evidence"
"origin/codex/ui-invoice-builder-components","bd370ba6d68df4767090831d6040e3fd3b9205e8","bb63bf1201beb2395deb780e804c4ec738b0f14e","","2026-06-21 02:14:53 -0600","AugustoMelara-Dev","refactor(invoice): improve cart clarity and accessibility"
"origin/codex/ui-fiscal-settings","802b1640676dd15c1406592b524e69225226632a","afce7460f2ec786f36adf5a8214b4564cf61b613","","2026-06-21 01:45:39 -0600","AugustoMelara-Dev","refactor(settings): modernize fiscal configuration experience"
"origin/codex/ui-catalog-page","9a60da70d83b6bf24abc31ad37db457350e8cfb5","2f631571573f822c59e9416165b11918a0cc370b","","2026-06-21 01:15:04 -0600","AugustoMelara-Dev","test(catalog): cover permissions forms and pricing states"
"origin/codex/ui-dashboard-page","f4281dbe3881b83fedf4a5379108bb6a8bbaef1b","03ac7d229e2fe6e175513c119daf906f4c7d42c7","","2026-06-21 00:42:40 -0600","AugustoMelara-Dev","refactor(dashboard): modernize operational overview"
"origin/codex/ui-backups-page","0553662c724148b46de3e9a121cc92a3a87fcd58","049821834f7f6dd372fe6e74d9ee736f9095004d","","2026-06-20 23:46:08 -0600","AugustoMelara-Dev","refactor(backups): modernize backup management experience"
"origin/codex/ui-support-pages","4d7c68bc3ccf28d70af2cc8ee1d471da3e110d30","6cc4a4750701b2e34b4bd46c4e30cde104684fb5","","2026-06-20 23:14:38 -0600","AugustoMelara-Dev","fix(support): avoid duplicate status labels"
"origin/codex/ui-shared-patterns","ad7772b41f63e55269be66701e0ebd221c52d159","3c76abced0b679724c097b6594817c214edab543","","2026-06-20 22:51:41 -0600","AugustoMelara-Dev","test(ui): cover shared forms filters and tables"
"origin/codex/ui-shell-navigation","8b5fcec6aee1c4aa12e1d0fc0a6689625e68ceb5","8eb41af8893bbeae9fb1999d95e98efbd93e10d6","","2026-06-20 22:15:24 -0600","AugustoMelara-Dev","test(shell): cover permissions and responsive navigation"
"checkpoint/pre-final-main-integration-20260621-1241","2d4293946bce18a4f870bdfadda2ac384e62b7ac","2b942d48d3a108d8a9b497c53cda5495eadc018d","origin/checkpoint/pre-final-main-integration-20260621-1241","2026-06-20 21:47:32 -0600","AugustoMelara-Dev","merge: add shadcn-compatible UI foundations"
"checkpoint/pre-release-integration-20260621-0618","2d4293946bce18a4f870bdfadda2ac384e62b7ac","2b942d48d3a108d8a9b497c53cda5495eadc018d","origin/checkpoint/pre-release-integration-20260621-0618","2026-06-20 21:47:32 -0600","AugustoMelara-Dev","merge: add shadcn-compatible UI foundations"
"origin/checkpoint/pre-final-main-integration-20260621-1241","2d4293946bce18a4f870bdfadda2ac384e62b7ac","2b942d48d3a108d8a9b497c53cda5495eadc018d","","2026-06-20 21:47:32 -0600","AugustoMelara-Dev","merge: add shadcn-compatible UI foundations"
"origin/checkpoint/pre-release-integration-20260621-0618","2d4293946bce18a4f870bdfadda2ac384e62b7ac","2b942d48d3a108d8a9b497c53cda5495eadc018d","","2026-06-20 21:47:32 -0600","AugustoMelara-Dev","merge: add shadcn-compatible UI foundations"
"origin/codex/ui-foundations-shadcn","494762e29f11ff9f6769384a848ba5ac45237261","2b942d48d3a108d8a9b497c53cda5495eadc018d","","2026-06-20 21:46:53 -0600","AugustoMelara-Dev","test(ui): cover shared visual primitives"
"checkpoint/pre-main-sync-2026-06-20-2052","c9cdf263f41d64b353c862a9d3fdcb02c52b1abc","ddf38201935f82065401358fadc5ca22336a9b01","origin/checkpoint/pre-main-sync-2026-06-20-2052","2026-06-20 20:52:39 -0600","AugustoMelara-Dev","checkpoint: preserve current S_Hospital work before syncing main"
"origin/checkpoint/pre-main-sync-2026-06-20-2052","c9cdf263f41d64b353c862a9d3fdcb02c52b1abc","ddf38201935f82065401358fadc5ca22336a9b01","","2026-06-20 20:52:39 -0600","AugustoMelara-Dev","checkpoint: preserve current S_Hospital work before syncing main"
"codex/audit-hardening","5a0762403a5650e1f33d69017f7577c12879636b","f5a36809d719f19871c8bf0527ebf0b464ad751a","","2026-06-16 00:32:58 -0600","AugustoMelara-Dev","fix(deploy): tolerate mysql migration drift"
"rescue/no-perder-nada-20260615-180121/uncommitted/052","c7d0a61ead6fb1429d674a703950ffe1041976c4","8b7b8ae5c578f5584ad32b29198b7d4813cbbb4a","","2026-06-15 18:17:18 -0600","AugustoMelara-Dev","rescue(uncommitted): snapshot 20260615-180121 worktree 52"
"origin/rescue/no-perder-nada-20260615-180121/uncommitted/052","c7d0a61ead6fb1429d674a703950ffe1041976c4","8b7b8ae5c578f5584ad32b29198b7d4813cbbb4a","","2026-06-15 18:17:18 -0600","AugustoMelara-Dev","rescue(uncommitted): snapshot 20260615-180121 worktree 52"
"rescue/no-perder-nada-20260615-180121/uncommitted/009","3658e2d1e314517fb0ad98f26511ca72b57b207e","454a76821aa716a2243b7dfec7e29b2cbed9ce58","","2026-06-15 18:17:13 -0600","AugustoMelara-Dev","rescue(uncommitted): snapshot 20260615-180121 worktree 9"
"origin/rescue/no-perder-nada-20260615-180121/uncommitted/009","3658e2d1e314517fb0ad98f26511ca72b57b207e","454a76821aa716a2243b7dfec7e29b2cbed9ce58","","2026-06-15 18:17:13 -0600","AugustoMelara-Dev","rescue(uncommitted): snapshot 20260615-180121 worktree 9"
"rescue/no-perder-nada-20260615-180121/uncommitted/004","950391d9acea8eabe900380ccabd023cc35b4bfc","a292a4a427ca019c51ea4642a63d2b674cc74d3f","","2026-06-15 18:17:05 -0600","AugustoMelara-Dev","rescue(uncommitted): snapshot 20260615-180121 worktree 4"
"origin/rescue/no-perder-nada-20260615-180121/uncommitted/004","950391d9acea8eabe900380ccabd023cc35b4bfc","a292a4a427ca019c51ea4642a63d2b674cc74d3f","","2026-06-15 18:17:05 -0600","AugustoMelara-Dev","rescue(uncommitted): snapshot 20260615-180121 worktree 4"
"rescue/no-perder-nada-20260615-171019/uncommitted/052-C-/tmp/S_Hospital_verify_b2fe0b43","9725daf3a5e578855855b3c92600600ce566a8f6","067d54a0c8c919ada074728f27f8887ec4039c81","","2026-06-15 17:19:55 -0600","AugustoMelara-Dev","rescue(uncommitted): snapshot 20260615-171019"
"origin/rescue/no-perder-nada-20260615-171019/uncommitted/052-C-/tmp/S_Hospital_verify_b2fe0b43","9725daf3a5e578855855b3c92600600ce566a8f6","067d54a0c8c919ada074728f27f8887ec4039c81","","2026-06-15 17:19:55 -0600","AugustoMelara-Dev","rescue(uncommitted): snapshot 20260615-171019"
"rescue/no-perder-nada-20260615-171019/uncommitted/009-C-/tmp/S_Hospital_release_12062039","635ecb17e389fe0df45e1132b084a5b1a59bc4bc","b8e9eb9e10c263ab89141e9ec5c246464a2f319b","","2026-06-15 17:19:46 -0600","AugustoMelara-Dev","rescue(uncommitted): snapshot 20260615-171019"
"origin/rescue/no-perder-nada-20260615-171019/uncommitted/009-C-/tmp/S_Hospital_release_12062039","635ecb17e389fe0df45e1132b084a5b1a59bc4bc","b8e9eb9e10c263ab89141e9ec5c246464a2f319b","","2026-06-15 17:19:46 -0600","AugustoMelara-Dev","rescue(uncommitted): snapshot 20260615-171019"
"rescue/no-perder-nada-20260615-171019/uncommitted/004-C-/tmp/S_Hospital_f6_global_design","fc76059c475ad80894413d0aa4125fdb179d248b","a292a4a427ca019c51ea4642a63d2b674cc74d3f","","2026-06-15 17:19:37 -0600","AugustoMelara-Dev","rescue(uncommitted): snapshot 20260615-171019"
"origin/rescue/no-perder-nada-20260615-171019/uncommitted/004-C-/tmp/S_Hospital_f6_global_design","fc76059c475ad80894413d0aa4125fdb179d248b","a292a4a427ca019c51ea4642a63d2b674cc74d3f","","2026-06-15 17:19:37 -0600","AugustoMelara-Dev","rescue(uncommitted): snapshot 20260615-171019"
"rescue/no-perder-nada-20260615-171019/worktree-head/001-C-/Projects/S_Hospital","caa6a5f462d3de4f006c895fd1bb57639dfce782","a66f8f6028de8bc7426d7ebaf8fc66a3616fa1bf","","2026-06-15 16:29:55 -0600","AugustoMelara-Dev","docs(offline): v1.1 reports polish - catalog seed, menu alignment"
"rescue/no-perder-nada-20260615-180121/worktree-head/001-","caa6a5f462d3de4f006c895fd1bb57639dfce782","a66f8f6028de8bc7426d7ebaf8fc66a3616fa1bf","","2026-06-15 16:29:55 -0600","AugustoMelara-Dev","docs(offline): v1.1 reports polish - catalog seed, menu alignment"
"v1.1-critical-hardening-after-offline","caa6a5f462d3de4f006c895fd1bb57639dfce782","a66f8f6028de8bc7426d7ebaf8fc66a3616fa1bf","origin/v1.1-critical-hardening-after-offline","2026-06-15 16:29:55 -0600","AugustoMelara-Dev","docs(offline): v1.1 reports polish - catalog seed, menu alignment"
"origin/rescue/no-perder-nada-20260615-171019/worktree-head/001-C-/Projects/S_Hospital","caa6a5f462d3de4f006c895fd1bb57639dfce782","a66f8f6028de8bc7426d7ebaf8fc66a3616fa1bf","","2026-06-15 16:29:55 -0600","AugustoMelara-Dev","docs(offline): v1.1 reports polish - catalog seed, menu alignment"
"origin/rescue/no-perder-nada-20260615-180121/worktree-head/001-","caa6a5f462d3de4f006c895fd1bb57639dfce782","a66f8f6028de8bc7426d7ebaf8fc66a3616fa1bf","","2026-06-15 16:29:55 -0600","AugustoMelara-Dev","docs(offline): v1.1 reports polish - catalog seed, menu alignment"
"origin/v1.1-critical-hardening-after-offline","caa6a5f462d3de4f006c895fd1bb57639dfce782","a66f8f6028de8bc7426d7ebaf8fc66a3616fa1bf","","2026-06-15 16:29:55 -0600","AugustoMelara-Dev","docs(offline): v1.1 reports polish - catalog seed, menu alignment"
"hardening-audit-complete-2026-06-15","6cecb4afbb6b27a22032fe9ce9499bd48877d240","d1f663cd1995370e4c99adad08727e3cb3792585","origin/hardening-audit-complete-2026-06-15","2026-06-15 13:52:09 -0600","AugustoMelara-Dev","Exclude vendored paths from offline dependency audit"
"origin/hardening-audit-complete-2026-06-15","6cecb4afbb6b27a22032fe9ce9499bd48877d240","d1f663cd1995370e4c99adad08727e3cb3792585","","2026-06-15 13:52:09 -0600","AugustoMelara-Dev","Exclude vendored paths from offline dependency audit"
"checkpoint/s-hospital-lan-release-candidate-2026-06-15","605d2bcac0678e88d1b9e4c21055a8775f8e25f0","60b581353976017ae4861ff6198460832336b455","origin/checkpoint/s-hospital-lan-release-candidate-2026-06-15","2026-06-15 09:49:36 -0600","AugustoMelara-Dev","merge: final security lan hardening release candidate"
"origin/checkpoint/s-hospital-lan-release-candidate-2026-06-15","605d2bcac0678e88d1b9e4c21055a8775f8e25f0","60b581353976017ae4861ff6198460832336b455","","2026-06-15 09:49:36 -0600","AugustoMelara-Dev","merge: final security lan hardening release candidate"
"fix/final-security-lan-hardening-2026-06-15","fa4704da667fcfb4cb82a46ffb10d31c31530531","60b581353976017ae4861ff6198460832336b455","origin/fix/final-security-lan-hardening-2026-06-15","2026-06-15 09:35:14 -0600","AugustoMelara-Dev","fix(release): harden backup restore and lan deployment security"
"origin/fix/final-security-lan-hardening-2026-06-15","fa4704da667fcfb4cb82a46ffb10d31c31530531","60b581353976017ae4861ff6198460832336b455","","2026-06-15 09:35:14 -0600","AugustoMelara-Dev","fix(release): harden backup restore and lan deployment security"
"fix/pos-dialysis-permission-gate-2026-06-15","3f001dc1e1792c63d8f53425b97e5205f54dca4c","cdad8363bb956bf76766ccf6bdb8042942056392","origin/fix/pos-dialysis-permission-gate-2026-06-15","2026-06-15 07:47:59 -0600","AugustoMelara-Dev","fix(pos): gate dialysis prescription control by permission"
"origin/fix/pos-dialysis-permission-gate-2026-06-15","3f001dc1e1792c63d8f53425b97e5205f54dca4c","cdad8363bb956bf76766ccf6bdb8042942056392","","2026-06-15 07:47:59 -0600","AugustoMelara-Dev","fix(pos): gate dialysis prescription control by permission"
"safety/main-before-pr13-security-merge-2026-06-15","7ed77f3a472b68c8f1d998315ce39e90d6fee07e","fda84b9b78d935381bc2c67e41556b3935212a3c","origin/safety/main-before-pr13-security-merge-2026-06-15","2026-06-15 03:12:36 -0600","AugustoMelara-Dev","fix(main): reconcile branch integrations"
"origin/safety/main-before-pr13-security-merge-2026-06-15","7ed77f3a472b68c8f1d998315ce39e90d6fee07e","fda84b9b78d935381bc2c67e41556b3935212a3c","","2026-06-15 03:12:36 -0600","AugustoMelara-Dev","fix(main): reconcile branch integrations"
"fix/global-audit-blockers-2026-06-15","f7e3f4468b99be388a659f5cd973cf0c0623105c","8e00a51998e5a5bb3c14dd5f637f31f887aad133","origin/fix/global-audit-blockers-2026-06-15","2026-06-15 00:42:36 -0600","AugustoMelara-Dev","style: fix pint code formatting issues"
"origin/fix/global-audit-blockers-2026-06-15","f7e3f4468b99be388a659f5cd973cf0c0623105c","8e00a51998e5a5bb3c14dd5f637f31f887aad133","","2026-06-15 00:42:36 -0600","AugustoMelara-Dev","style: fix pint code formatting issues"
"hardening/global-release-candidate-2026-06-15","b9a0e60854039f8dee0beac2203404a7ef58ed5b","72e7365c3f3334451640130251aa9dac747ac99d","origin/hardening/global-release-candidate-2026-06-15","2026-06-14 23:48:21 -0600","AugustoMelara-Dev","docs(release): record global hardening report"
"rescue/no-perder-nada-20260615-171019/worktree-head/003-C-/tmp/S_Hospital-hardening","b9a0e60854039f8dee0beac2203404a7ef58ed5b","72e7365c3f3334451640130251aa9dac747ac99d","","2026-06-14 23:48:21 -0600","AugustoMelara-Dev","docs(release): record global hardening report"
"rescue/no-perder-nada-20260615-180121/worktree-head/003-","b9a0e60854039f8dee0beac2203404a7ef58ed5b","72e7365c3f3334451640130251aa9dac747ac99d","","2026-06-14 23:48:21 -0600","AugustoMelara-Dev","docs(release): record global hardening report"
"origin/hardening/global-release-candidate-2026-06-15","b9a0e60854039f8dee0beac2203404a7ef58ed5b","72e7365c3f3334451640130251aa9dac747ac99d","","2026-06-14 23:48:21 -0600","AugustoMelara-Dev","docs(release): record global hardening report"
"origin/rescue/no-perder-nada-20260615-171019/worktree-head/003-C-/tmp/S_Hospital-hardening","b9a0e60854039f8dee0beac2203404a7ef58ed5b","72e7365c3f3334451640130251aa9dac747ac99d","","2026-06-14 23:48:21 -0600","AugustoMelara-Dev","docs(release): record global hardening report"
"origin/rescue/no-perder-nada-20260615-180121/worktree-head/003-","b9a0e60854039f8dee0beac2203404a7ef58ed5b","72e7365c3f3334451640130251aa9dac747ac99d","","2026-06-14 23:48:21 -0600","AugustoMelara-Dev","docs(release): record global hardening report"
"checkpoint/main-institutional-receipts-merged-2026-06-15","6508418d62ec25f0cea37221bfce7295977b7629","4ee3db98104eeb77c5aad6498be793609b01619b","origin/checkpoint/main-institutional-receipts-merged-2026-06-15","2026-06-14 22:06:08 -0600","AugustoMelara-Dev","merge: integrate institutional receipt configuration"
"safety/main-before-visible-branch-merge-2026-06-15","6508418d62ec25f0cea37221bfce7295977b7629","4ee3db98104eeb77c5aad6498be793609b01619b","origin/safety/main-before-visible-branch-merge-2026-06-15","2026-06-14 22:06:08 -0600","AugustoMelara-Dev","merge: integrate institutional receipt configuration"
"origin/checkpoint/main-institutional-receipts-merged-2026-06-15","6508418d62ec25f0cea37221bfce7295977b7629","4ee3db98104eeb77c5aad6498be793609b01619b","","2026-06-14 22:06:08 -0600","AugustoMelara-Dev","merge: integrate institutional receipt configuration"
"origin/safety/main-before-visible-branch-merge-2026-06-15","6508418d62ec25f0cea37221bfce7295977b7629","4ee3db98104eeb77c5aad6498be793609b01619b","","2026-06-14 22:06:08 -0600","AugustoMelara-Dev","merge: integrate institutional receipt configuration"
"codex/institutional-receipts-configurable","31677b71a2f46118441e32ea0ee3c003deffa248","4ee3db98104eeb77c5aad6498be793609b01619b","origin/codex/institutional-receipts-configurable","2026-06-14 22:05:43 -0600","AugustoMelara-Dev","fix(receipts): prefer institutional receipt in invoice history"
"origin/codex/institutional-receipts-configurable","31677b71a2f46118441e32ea0ee3c003deffa248","4ee3db98104eeb77c5aad6498be793609b01619b","","2026-06-14 22:05:43 -0600","AugustoMelara-Dev","fix(receipts): prefer institutional receipt in invoice history"
"fix/f8-audit-hardening-2026-06-14","81d74d6e76077d0b2b72a068cdbafb9d088cfb97","9c3932726b80bcd1cf35001d831e8b40e5ea4415","origin/fix/f8-audit-hardening-2026-06-14","2026-06-14 16:14:59 -0600","AugustoMelara-Dev","fix(backend): satisfy hardening quality gates"
"origin/fix/f8-audit-hardening-2026-06-14","81d74d6e76077d0b2b72a068cdbafb9d088cfb97","9c3932726b80bcd1cf35001d831e8b40e5ea4415","","2026-06-14 16:14:59 -0600","AugustoMelara-Dev","fix(backend): satisfy hardening quality gates"
"checkpoint/main-f7-integrated-ready-for-phase-g-2026-06-14","23659b3ec8195aaa3fb24c86bd97fdb930625e31","acb28d0772d9f5376cf1d2b7180313ca45189998","origin/checkpoint/main-f7-integrated-ready-for-phase-g-2026-06-14","2026-06-14 13:21:50 -0600","AugustoMelara-Dev","fix(e2e): satisfy phpstan after f7 merge"
"origin/checkpoint/main-f7-integrated-ready-for-phase-g-2026-06-14","23659b3ec8195aaa3fb24c86bd97fdb930625e31","acb28d0772d9f5376cf1d2b7180313ca45189998","","2026-06-14 13:21:50 -0600","AugustoMelara-Dev","fix(e2e): satisfy phpstan after f7 merge"
"checkpoint/f7-operational-release-gate-pass-2026-06-14","d3acf27c61b2aafb7208575c762631381900ab54","6e27eec1280d7845d8824836cd6ffa2e2dfb6251","origin/checkpoint/f7-operational-release-gate-pass-2026-06-14","2026-06-14 12:52:32 -0600","AugustoMelara-Dev","docs(release): prepare phase g physical validation"
"fix/f7-operational-release-gate","d3acf27c61b2aafb7208575c762631381900ab54","6e27eec1280d7845d8824836cd6ffa2e2dfb6251","origin/fix/f7-operational-release-gate","2026-06-14 12:52:32 -0600","AugustoMelara-Dev","docs(release): prepare phase g physical validation"
"origin/checkpoint/f7-operational-release-gate-pass-2026-06-14","d3acf27c61b2aafb7208575c762631381900ab54","6e27eec1280d7845d8824836cd6ffa2e2dfb6251","","2026-06-14 12:52:32 -0600","AugustoMelara-Dev","docs(release): prepare phase g physical validation"
"origin/fix/f7-operational-release-gate","d3acf27c61b2aafb7208575c762631381900ab54","6e27eec1280d7845d8824836cd6ffa2e2dfb6251","","2026-06-14 12:52:32 -0600","AugustoMelara-Dev","docs(release): prepare phase g physical validation"
"preserve/operational-install-isolated-report-2026-06-14","d58b68cac444ee92c4da32ec6e007dc3443ee2f8","106ce7a69f38490fba32e62ced0df4cb10304b96","origin/preserve/operational-install-isolated-report-2026-06-14","2026-06-14 11:02:44 -0600","AugustoMelara-Dev","docs(qa): preserve isolated operational install report"
"rescue/no-perder-nada-20260615-171019/worktree-head/002-C-/Projects/S_Hospital_release_gate_isolated_0f25a76c","d58b68cac444ee92c4da32ec6e007dc3443ee2f8","106ce7a69f38490fba32e62ced0df4cb10304b96","","2026-06-14 11:02:44 -0600","AugustoMelara-Dev","docs(qa): preserve isolated operational install report"
"rescue/no-perder-nada-20260615-180121/worktree-head/002-","d58b68cac444ee92c4da32ec6e007dc3443ee2f8","106ce7a69f38490fba32e62ced0df4cb10304b96","","2026-06-14 11:02:44 -0600","AugustoMelara-Dev","docs(qa): preserve isolated operational install report"
"origin/preserve/operational-install-isolated-report-2026-06-14","d58b68cac444ee92c4da32ec6e007dc3443ee2f8","106ce7a69f38490fba32e62ced0df4cb10304b96","","2026-06-14 11:02:44 -0600","AugustoMelara-Dev","docs(qa): preserve isolated operational install report"
"origin/rescue/no-perder-nada-20260615-171019/worktree-head/002-C-/Projects/S_Hospital_release_gate_isolated_0f25a76c","d58b68cac444ee92c4da32ec6e007dc3443ee2f8","106ce7a69f38490fba32e62ced0df4cb10304b96","","2026-06-14 11:02:44 -0600","AugustoMelara-Dev","docs(qa): preserve isolated operational install report"
"origin/rescue/no-perder-nada-20260615-180121/worktree-head/002-","d58b68cac444ee92c4da32ec6e007dc3443ee2f8","106ce7a69f38490fba32e62ced0df4cb10304b96","","2026-06-14 11:02:44 -0600","AugustoMelara-Dev","docs(qa): preserve isolated operational install report"
"rescue/no-perder-nada-20260615-171019/stash/0","17f9fb5761f186e0d9643210a14569f993fad493","ea26162125368e6e33fd13cafb9af13b273143d2","","2026-06-14 10:26:00 -0600","AugustoMelara-Dev","WIP on fix/f7-operational-release-gate: e58270ff fix(deploy): harden production scheduler and offline release gate"
"rescue/no-perder-nada-20260615-180121/stash/0","17f9fb5761f186e0d9643210a14569f993fad493","ea26162125368e6e33fd13cafb9af13b273143d2","","2026-06-14 10:26:00 -0600","AugustoMelara-Dev","WIP on fix/f7-operational-release-gate: e58270ff fix(deploy): harden production scheduler and offline release gate"
"origin/rescue/no-perder-nada-20260615-171019/stash/0","17f9fb5761f186e0d9643210a14569f993fad493","ea26162125368e6e33fd13cafb9af13b273143d2","","2026-06-14 10:26:00 -0600","AugustoMelara-Dev","WIP on fix/f7-operational-release-gate: e58270ff fix(deploy): harden production scheduler and offline release gate"
"origin/rescue/no-perder-nada-20260615-180121/stash/0","17f9fb5761f186e0d9643210a14569f993fad493","ea26162125368e6e33fd13cafb9af13b273143d2","","2026-06-14 10:26:00 -0600","AugustoMelara-Dev","WIP on fix/f7-operational-release-gate: e58270ff fix(deploy): harden production scheduler and offline release gate"
"preserve/final-delivery-report-2026-06-14","8801297134d23b17ef920e2b4edbdba94efb5feb","7b5839b7abddae2b30d8a8a6cec57b6cb0ea054e","origin/preserve/final-delivery-report-2026-06-14","2026-06-14 09:52:29 -0600","AugustoMelara-Dev","docs(release): preserve final delivery report"
"origin/preserve/final-delivery-report-2026-06-14","8801297134d23b17ef920e2b4edbdba94efb5feb","7b5839b7abddae2b30d8a8a6cec57b6cb0ea054e","","2026-06-14 09:52:29 -0600","AugustoMelara-Dev","docs(release): preserve final delivery report"
"checkpoint/f6-p0-004-hotfix-main-2026-06-14","0f25a76c189d9947b7e82b4d43c9eae1faf03184","70f9ca4ac0c08a564e173d4b7cd54ce5ac921a26","origin/checkpoint/f6-p0-004-hotfix-main-2026-06-14","2026-06-14 09:17:33 -0600","AugustoMelara-Dev","fix(security): natively encrypt legacy plaintext idempotency keys"
"origin/checkpoint/f6-p0-004-hotfix-main-2026-06-14","0f25a76c189d9947b7e82b4d43c9eae1faf03184","70f9ca4ac0c08a564e173d4b7cd54ce5ac921a26","","2026-06-14 09:17:33 -0600","AugustoMelara-Dev","fix(security): natively encrypt legacy plaintext idempotency keys"
"preserve/sensitive-post-merge-audit","c1ff6c1c636e867bb9192cd43ace82dcbe333387","47002b1c9c3716cdefae8a7e73905fd2c4e8f9b3","origin/preserve/sensitive-post-merge-audit","2026-06-14 09:17:31 -0600","AugustoMelara-Dev","docs(qa): preserve sensitive post-merge audit report"
"origin/preserve/sensitive-post-merge-audit","c1ff6c1c636e867bb9192cd43ace82dcbe333387","47002b1c9c3716cdefae8a7e73905fd2c4e8f9b3","","2026-06-14 09:17:31 -0600","AugustoMelara-Dev","docs(qa): preserve sensitive post-merge audit report"
"merge/f6-approved-a9377e9f-exact","295567ee9406f1670013826e91c26898bd363d2c","70f9ca4ac0c08a564e173d4b7cd54ce5ac921a26","origin/merge/f6-approved-a9377e9f-exact","2026-06-14 09:05:46 -0600","AugustoMelara-Dev","fix(security): natively encrypt legacy plaintext idempotency keys"
"safety/merge-f6-before-idempotency-hotfix","295567ee9406f1670013826e91c26898bd363d2c","70f9ca4ac0c08a564e173d4b7cd54ce5ac921a26","origin/safety/merge-f6-before-idempotency-hotfix","2026-06-14 09:05:46 -0600","AugustoMelara-Dev","fix(security): natively encrypt legacy plaintext idempotency keys"
"origin/merge/f6-approved-a9377e9f-exact","295567ee9406f1670013826e91c26898bd363d2c","70f9ca4ac0c08a564e173d4b7cd54ce5ac921a26","","2026-06-14 09:05:46 -0600","AugustoMelara-Dev","fix(security): natively encrypt legacy plaintext idempotency keys"
"origin/safety/merge-f6-before-idempotency-hotfix","295567ee9406f1670013826e91c26898bd363d2c","70f9ca4ac0c08a564e173d4b7cd54ce5ac921a26","","2026-06-14 09:05:46 -0600","AugustoMelara-Dev","fix(security): natively encrypt legacy plaintext idempotency keys"
"checkpoint/f6-operational-polish-merged-main-2026-06-14","24becd56705d2f3c5074dfea2b564ac0c1eb6e62","ac066b91300079db9b21386bf4dd5206bda7982f","origin/checkpoint/f6-operational-polish-merged-main-2026-06-14","2026-06-14 01:33:10 -0600","AugustoMelara-Dev","merge: integrate f6 operational polish"
"safety/main-before-idempotency-hotfix","24becd56705d2f3c5074dfea2b564ac0c1eb6e62","ac066b91300079db9b21386bf4dd5206bda7982f","origin/safety/main-before-idempotency-hotfix","2026-06-14 01:33:10 -0600","AugustoMelara-Dev","merge: integrate f6 operational polish"
"origin/checkpoint/f6-operational-polish-merged-main-2026-06-14","24becd56705d2f3c5074dfea2b564ac0c1eb6e62","ac066b91300079db9b21386bf4dd5206bda7982f","","2026-06-14 01:33:10 -0600","AugustoMelara-Dev","merge: integrate f6 operational polish"
"origin/rescue/no-perder-nada-20260615-180121/branch/checkpoint/f6-operational-polish-merged-main-2026-06-14","24becd56705d2f3c5074dfea2b564ac0c1eb6e62","ac066b91300079db9b21386bf4dd5206bda7982f","","2026-06-14 01:33:10 -0600","AugustoMelara-Dev","merge: integrate f6 operational polish"
"origin/safety/main-before-idempotency-hotfix","24becd56705d2f3c5074dfea2b564ac0c1eb6e62","ac066b91300079db9b21386bf4dd5206bda7982f","","2026-06-14 01:33:10 -0600","AugustoMelara-Dev","merge: integrate f6 operational polish"
"audit/f6-post-approval-sensitive-c851057f","c851057fbcdac7a98a6f06ffb9c6dee526839fc9","740ebed99298b6277849536e9046ea0e2b02f0b9","origin/audit/f6-post-approval-sensitive-c851057f","2026-06-14 01:13:59 -0600","AugustoMelara-Dev","fix(security): natively encrypt legacy plaintext idempotency keys"
"merge/f6-approved-a9377e9f","c851057fbcdac7a98a6f06ffb9c6dee526839fc9","740ebed99298b6277849536e9046ea0e2b02f0b9","origin/merge/f6-approved-a9377e9f","2026-06-14 01:13:59 -0600","AugustoMelara-Dev","fix(security): natively encrypt legacy plaintext idempotency keys"
"origin/audit/f6-post-approval-sensitive-c851057f","c851057fbcdac7a98a6f06ffb9c6dee526839fc9","740ebed99298b6277849536e9046ea0e2b02f0b9","","2026-06-14 01:13:59 -0600","AugustoMelara-Dev","fix(security): natively encrypt legacy plaintext idempotency keys"
"origin/merge/f6-approved-a9377e9f","c851057fbcdac7a98a6f06ffb9c6dee526839fc9","740ebed99298b6277849536e9046ea0e2b02f0b9","","2026-06-14 01:13:59 -0600","AugustoMelara-Dev","fix(security): natively encrypt legacy plaintext idempotency keys"
"origin/rescue/no-perder-nada-20260615-180121/branch/audit/f6-post-approval-sensitive-c851057f","c851057fbcdac7a98a6f06ffb9c6dee526839fc9","740ebed99298b6277849536e9046ea0e2b02f0b9","","2026-06-14 01:13:59 -0600","AugustoMelara-Dev","fix(security): natively encrypt legacy plaintext idempotency keys"
"rescue/no-perder-nada-20260615-171019/stash/1","62308c6fa2a21152b90d3a7d3f2ddb05b11aa496","ac066b91300079db9b21386bf4dd5206bda7982f","","2026-06-14 01:06:17 -0600","AugustoMelara-Dev","On merge/f6-approved-a9377e9f: preserve-untracked-idempotency-hardening-before-approved-gates"
"rescue/no-perder-nada-20260615-180121/stash/1","62308c6fa2a21152b90d3a7d3f2ddb05b11aa496","ac066b91300079db9b21386bf4dd5206bda7982f","","2026-06-14 01:06:17 -0600","AugustoMelara-Dev","On merge/f6-approved-a9377e9f: preserve-untracked-idempotency-hardening-before-approved-gates"
"origin/rescue/no-perder-nada-20260615-171019/stash/1","62308c6fa2a21152b90d3a7d3f2ddb05b11aa496","ac066b91300079db9b21386bf4dd5206bda7982f","","2026-06-14 01:06:17 -0600","AugustoMelara-Dev","On merge/f6-approved-a9377e9f: preserve-untracked-idempotency-hardening-before-approved-gates"
"origin/rescue/no-perder-nada-20260615-180121/stash/1","62308c6fa2a21152b90d3a7d3f2ddb05b11aa496","ac066b91300079db9b21386bf4dd5206bda7982f","","2026-06-14 01:06:17 -0600","AugustoMelara-Dev","On merge/f6-approved-a9377e9f: preserve-untracked-idempotency-hardening-before-approved-gates"
"rescue/no-perder-nada-20260615-171019/stash/2","b0791cba6e0e559492e1f00e837431c34ed0724b","53592277c53d3227f8b0db7d1ae603c1291a7bdc","","2026-06-14 01:00:38 -0600","AugustoMelara-Dev","On merge/f6-approved-a9377e9f: preserve-uncommitted-reports-test-before-approved-merge-gates"
"rescue/no-perder-nada-20260615-180121/stash/2","b0791cba6e0e559492e1f00e837431c34ed0724b","53592277c53d3227f8b0db7d1ae603c1291a7bdc","","2026-06-14 01:00:38 -0600","AugustoMelara-Dev","On merge/f6-approved-a9377e9f: preserve-uncommitted-reports-test-before-approved-merge-gates"
"origin/rescue/no-perder-nada-20260615-171019/stash/2","b0791cba6e0e559492e1f00e837431c34ed0724b","53592277c53d3227f8b0db7d1ae603c1291a7bdc","","2026-06-14 01:00:38 -0600","AugustoMelara-Dev","On merge/f6-approved-a9377e9f: preserve-uncommitted-reports-test-before-approved-merge-gates"
"origin/rescue/no-perder-nada-20260615-180121/stash/2","b0791cba6e0e559492e1f00e837431c34ed0724b","53592277c53d3227f8b0db7d1ae603c1291a7bdc","","2026-06-14 01:00:38 -0600","AugustoMelara-Dev","On merge/f6-approved-a9377e9f: preserve-uncommitted-reports-test-before-approved-merge-gates"
"audit/f6-post-approval-sensitive-a979d5b7","a979d5b79833245fa8a7df93711ef7784f08f918","df93d5b80c9c23a9087c3e6b4e7ccfd213d670ae","origin/audit/f6-post-approval-sensitive-a979d5b7","2026-06-14 00:56:43 -0600","AugustoMelara-Dev","refactor: enhance invoice and payment voiding logic with cash session checks and improve error handling"
"codex/f6-operational-polish","a979d5b79833245fa8a7df93711ef7784f08f918","df93d5b80c9c23a9087c3e6b4e7ccfd213d670ae","origin/codex/f6-operational-polish","2026-06-14 00:56:43 -0600","AugustoMelara-Dev","refactor: enhance invoice and payment voiding logic with cash session checks and improve error handling"
"origin/audit/f6-post-approval-sensitive-a979d5b7","a979d5b79833245fa8a7df93711ef7784f08f918","df93d5b80c9c23a9087c3e6b4e7ccfd213d670ae","","2026-06-14 00:56:43 -0600","AugustoMelara-Dev","refactor: enhance invoice and payment voiding logic with cash session checks and improve error handling"
"origin/codex/f6-operational-polish","a979d5b79833245fa8a7df93711ef7784f08f918","df93d5b80c9c23a9087c3e6b4e7ccfd213d670ae","","2026-06-14 00:56:43 -0600","AugustoMelara-Dev","refactor: enhance invoice and payment voiding logic with cash session checks and improve error handling"
"origin/rescue/no-perder-nada-20260615-180121/branch/audit/f6-post-approval-sensitive-a979d5b7","a979d5b79833245fa8a7df93711ef7784f08f918","df93d5b80c9c23a9087c3e6b4e7ccfd213d670ae","","2026-06-14 00:56:43 -0600","AugustoMelara-Dev","refactor: enhance invoice and payment voiding logic with cash session checks and improve error handling"
"checkpoint/pre-f6-operational-polish-merge-2026-06-14","bbec90b03a1d2f9a72c5d4b737691eec26656b02","62777f0266abb61492d311d41717ea67d68af6bd","origin/checkpoint/pre-f6-operational-polish-merge-2026-06-14","2026-06-13 23:06:32 -0600","AugustoMelara-Dev","refactor(reports): polish reporting backups and settings UI"
"origin/checkpoint/pre-f6-operational-polish-merge-2026-06-14","bbec90b03a1d2f9a72c5d4b737691eec26656b02","62777f0266abb61492d311d41717ea67d68af6bd","","2026-06-13 23:06:32 -0600","AugustoMelara-Dev","refactor(reports): polish reporting backups and settings UI"
"codex/final-rc-scope-cutover","70df4b7edcdd8066d83bd8f664c78196dbd53af2","d2f6f531598d0979ed86b58349dabafa53522d1a","origin/codex/final-rc-scope-cutover","2026-06-12 15:20:52 -0600","AugustoMelara-Dev","docs(qa): document final RC scope cutover"
"rescue/no-perder-nada-20260615-171019/worktree-head/005-C-/tmp/S_Hospital_final_rc","70df4b7edcdd8066d83bd8f664c78196dbd53af2","d2f6f531598d0979ed86b58349dabafa53522d1a","","2026-06-12 15:20:52 -0600","AugustoMelara-Dev","docs(qa): document final RC scope cutover"
"rescue/no-perder-nada-20260615-180121/worktree-head/005-","70df4b7edcdd8066d83bd8f664c78196dbd53af2","d2f6f531598d0979ed86b58349dabafa53522d1a","","2026-06-12 15:20:52 -0600","AugustoMelara-Dev","docs(qa): document final RC scope cutover"
"origin/codex/final-rc-scope-cutover","70df4b7edcdd8066d83bd8f664c78196dbd53af2","d2f6f531598d0979ed86b58349dabafa53522d1a","","2026-06-12 15:20:52 -0600","AugustoMelara-Dev","docs(qa): document final RC scope cutover"
"origin/rescue/no-perder-nada-20260615-171019/worktree-head/005-C-/tmp/S_Hospital_final_rc","70df4b7edcdd8066d83bd8f664c78196dbd53af2","d2f6f531598d0979ed86b58349dabafa53522d1a","","2026-06-12 15:20:52 -0600","AugustoMelara-Dev","docs(qa): document final RC scope cutover"
"origin/rescue/no-perder-nada-20260615-180121/worktree-head/005-","70df4b7edcdd8066d83bd8f664c78196dbd53af2","d2f6f531598d0979ed86b58349dabafa53522d1a","","2026-06-12 15:20:52 -0600","AugustoMelara-Dev","docs(qa): document final RC scope cutover"
"checkpoint/f5-merged-main-2026-06-12","38d2e6e192616ce0e08052aec80a118f3c8ff4be","49ffb69e96fd6bae80b92867d21e2fceb907c9f3","origin/checkpoint/f5-merged-main-2026-06-12","2026-06-12 11:15:28 -0600","AugustoMelara-Dev","Merge branch 'codex/f5-visual-ux-audit'"
"codex/f6-global-institutional-design-refactor","38d2e6e192616ce0e08052aec80a118f3c8ff4be","49ffb69e96fd6bae80b92867d21e2fceb907c9f3","origin/codex/f6-global-institutional-design-refactor","2026-06-12 11:15:28 -0600","AugustoMelara-Dev","Merge branch 'codex/f5-visual-ux-audit'"
"rescue/no-perder-nada-20260615-171019/worktree-head/004-C-/tmp/S_Hospital_f6_global_design","38d2e6e192616ce0e08052aec80a118f3c8ff4be","49ffb69e96fd6bae80b92867d21e2fceb907c9f3","","2026-06-12 11:15:28 -0600","AugustoMelara-Dev","Merge branch 'codex/f5-visual-ux-audit'"
"rescue/no-perder-nada-20260615-180121/worktree-head/004-","38d2e6e192616ce0e08052aec80a118f3c8ff4be","49ffb69e96fd6bae80b92867d21e2fceb907c9f3","","2026-06-12 11:15:28 -0600","AugustoMelara-Dev","Merge branch 'codex/f5-visual-ux-audit'"
"origin/checkpoint/f5-merged-main-2026-06-12","38d2e6e192616ce0e08052aec80a118f3c8ff4be","49ffb69e96fd6bae80b92867d21e2fceb907c9f3","","2026-06-12 11:15:28 -0600","AugustoMelara-Dev","Merge branch 'codex/f5-visual-ux-audit'"
"origin/codex/f6-global-institutional-design-refactor","38d2e6e192616ce0e08052aec80a118f3c8ff4be","49ffb69e96fd6bae80b92867d21e2fceb907c9f3","","2026-06-12 11:15:28 -0600","AugustoMelara-Dev","Merge branch 'codex/f5-visual-ux-audit'"
"origin/rescue/no-perder-nada-20260615-171019/worktree-head/004-C-/tmp/S_Hospital_f6_global_design","38d2e6e192616ce0e08052aec80a118f3c8ff4be","49ffb69e96fd6bae80b92867d21e2fceb907c9f3","","2026-06-12 11:15:28 -0600","AugustoMelara-Dev","Merge branch 'codex/f5-visual-ux-audit'"
"origin/rescue/no-perder-nada-20260615-180121/branch/checkpoint/f5-merged-main-2026-06-12","38d2e6e192616ce0e08052aec80a118f3c8ff4be","49ffb69e96fd6bae80b92867d21e2fceb907c9f3","","2026-06-12 11:15:28 -0600","AugustoMelara-Dev","Merge branch 'codex/f5-visual-ux-audit'"
"origin/rescue/no-perder-nada-20260615-180121/worktree-head/004-","38d2e6e192616ce0e08052aec80a118f3c8ff4be","49ffb69e96fd6bae80b92867d21e2fceb907c9f3","","2026-06-12 11:15:28 -0600","AugustoMelara-Dev","Merge branch 'codex/f5-visual-ux-audit'"
"codex/f5-visual-ux-audit","e3a894ef372e8addff14ca5330c5dc7d6cf28d3e","49ffb69e96fd6bae80b92867d21e2fceb907c9f3","origin/codex/f5-visual-ux-audit","2026-06-12 10:52:12 -0600","AugustoMelara-Dev","test(qa): add F5 visual UX after evidence"
"origin/codex/f5-visual-ux-audit","e3a894ef372e8addff14ca5330c5dc7d6cf28d3e","49ffb69e96fd6bae80b92867d21e2fceb907c9f3","","2026-06-12 10:52:12 -0600","AugustoMelara-Dev","test(qa): add F5 visual UX after evidence"
"checkpoint/f4-merged-main-2026-06-12","ded0fa0b20ce7b2a5c279c84d3b2bf4d52f21c40","b00b8432752facbf9a7d1aa2130ec831491f2e2a","origin/checkpoint/f4-merged-main-2026-06-12","2026-06-12 08:11:26 -0600","AugustoMelara-Dev","Merge branch 'codex/f4-billing-cashbox-flow'"
"origin/checkpoint/f4-merged-main-2026-06-12","ded0fa0b20ce7b2a5c279c84d3b2bf4d52f21c40","b00b8432752facbf9a7d1aa2130ec831491f2e2a","","2026-06-12 08:11:26 -0600","AugustoMelara-Dev","Merge branch 'codex/f4-billing-cashbox-flow'"
"origin/rescue/no-perder-nada-20260615-180121/branch/checkpoint/f4-merged-main-2026-06-12","ded0fa0b20ce7b2a5c279c84d3b2bf4d52f21c40","b00b8432752facbf9a7d1aa2130ec831491f2e2a","","2026-06-12 08:11:26 -0600","AugustoMelara-Dev","Merge branch 'codex/f4-billing-cashbox-flow'"
"codex/f4-billing-cashbox-flow","8409ea46cdacf7d37c950e3cf085bff7268d8e9f","b00b8432752facbf9a7d1aa2130ec831491f2e2a","origin/codex/f4-billing-cashbox-flow","2026-06-12 01:53:36 -0600","AugustoMelara-Dev","fix(realtime): raise echo config throttle for operational smoke"
"origin/codex/f4-billing-cashbox-flow","8409ea46cdacf7d37c950e3cf085bff7268d8e9f","b00b8432752facbf9a7d1aa2130ec831491f2e2a","","2026-06-12 01:53:36 -0600","AugustoMelara-Dev","fix(realtime): raise echo config throttle for operational smoke"
"checkpoint/f3-merged-main-2026-06-11","6d8ea60d14c3bba120e37ce76a24daa938eca314","06c0ddc45c4d13e84eb95c6189572a9c20b88b4a","origin/checkpoint/f3-merged-main-2026-06-11","2026-06-12 00:29:37 -0600","AugustoMelara-Dev","fix(shell): use institutional Spanish permission copy"
"codex/f3-institutional-shell","6d8ea60d14c3bba120e37ce76a24daa938eca314","06c0ddc45c4d13e84eb95c6189572a9c20b88b4a","origin/codex/f3-institutional-shell","2026-06-12 00:29:37 -0600","AugustoMelara-Dev","fix(shell): use institutional Spanish permission copy"
"origin/checkpoint/f3-merged-main-2026-06-11","6d8ea60d14c3bba120e37ce76a24daa938eca314","06c0ddc45c4d13e84eb95c6189572a9c20b88b4a","","2026-06-12 00:29:37 -0600","AugustoMelara-Dev","fix(shell): use institutional Spanish permission copy"
"origin/codex/f3-institutional-shell","6d8ea60d14c3bba120e37ce76a24daa938eca314","06c0ddc45c4d13e84eb95c6189572a9c20b88b4a","","2026-06-12 00:29:37 -0600","AugustoMelara-Dev","fix(shell): use institutional Spanish permission copy"
"checkpoint/pre-f3-clean","cb8b704aa42394d4d82c2ee10151095d811acd8e","c52203d9de4c7c9e633361c56501337fa5f5e18d","origin/checkpoint/pre-f3-clean","2026-06-11 23:25:58 -0600","AugustoMelara-Dev","test(qa): fail F2 smoke when auth redirects to login"
"origin/checkpoint/pre-f3-clean","cb8b704aa42394d4d82c2ee10151095d811acd8e","c52203d9de4c7c9e633361c56501337fa5f5e18d","","2026-06-11 23:25:58 -0600","AugustoMelara-Dev","test(qa): fail F2 smoke when auth redirects to login"
"rescue/no-perder-nada-20260615-171019/stash/3","186623e4b38534f89232b563ec2b332f24303a79","90bfcd57f5d4c6f72a19dd7275872a4de206d337","","2026-06-11 23:18:45 -0600","AugustoMelara-Dev","On main: PRE-F3 dirty baseline and ambiguous hunks 2026-06-11"
"rescue/no-perder-nada-20260615-180121/stash/3","186623e4b38534f89232b563ec2b332f24303a79","90bfcd57f5d4c6f72a19dd7275872a4de206d337","","2026-06-11 23:18:45 -0600","AugustoMelara-Dev","On main: PRE-F3 dirty baseline and ambiguous hunks 2026-06-11"
"origin/rescue/no-perder-nada-20260615-171019/stash/3","186623e4b38534f89232b563ec2b332f24303a79","90bfcd57f5d4c6f72a19dd7275872a4de206d337","","2026-06-11 23:18:45 -0600","AugustoMelara-Dev","On main: PRE-F3 dirty baseline and ambiguous hunks 2026-06-11"
"origin/rescue/no-perder-nada-20260615-180121/stash/3","186623e4b38534f89232b563ec2b332f24303a79","90bfcd57f5d4c6f72a19dd7275872a4de206d337","","2026-06-11 23:18:45 -0600","AugustoMelara-Dev","On main: PRE-F3 dirty baseline and ambiguous hunks 2026-06-11"
"fix/service-price-histories-nullable-fk","37d1d8c38242efe65055ab4fcc8e3e145e9a8699","ffec138444270983a35eb668a1bb8758c0fd6a78","origin/fix/service-price-histories-nullable-fk","2026-06-10 16:34:21 -0600","AugustoMelara-Dev","fix(db): make service_price_histories.service_id nullable before nullOnDelete FK"
"origin/fix/service-price-histories-nullable-fk","37d1d8c38242efe65055ab4fcc8e3e145e9a8699","ffec138444270983a35eb668a1bb8758c0fd6a78","","2026-06-10 16:34:21 -0600","AugustoMelara-Dev","fix(db): make service_price_histories.service_id nullable before nullOnDelete FK"
"qa/restore-mysql-proof","a5ab3840cf80bff7a76c7be24416c1d2ecffa3a4","05baec43c6ac130b15f3485b1e2411847cac5c7e","origin/qa/restore-mysql-proof","2026-06-10 16:21:54 -0600","AugustoMelara-Dev","docs(qa): add FIELD-DEP-02-RISK-01 (migration bug confirmed on MariaDB 11)"
"origin/qa/restore-mysql-proof","a5ab3840cf80bff7a76c7be24416c1d2ecffa3a4","05baec43c6ac130b15f3485b1e2411847cac5c7e","","2026-06-10 16:21:54 -0600","AugustoMelara-Dev","docs(qa): add FIELD-DEP-02-RISK-01 (migration bug confirmed on MariaDB 11)"
"plan/fase-0-7-rc","75e7268502b533fc66d8a4a541753a2c83dc90ba","73332a04c9ea88ec9eefdfaafb2bbb8abf82a340","origin/plan/fase-0-7-rc","2026-06-10 13:16:41 -0600","AugustoMelara-Dev","docs(qa): re-anchor RISK_ACCEPTANCE_RC1 to HEAD 95b6a9e6"
"origin/plan/fase-0-7-rc","75e7268502b533fc66d8a4a541753a2c83dc90ba","73332a04c9ea88ec9eefdfaafb2bbb8abf82a340","","2026-06-10 13:16:41 -0600","AugustoMelara-Dev","docs(qa): re-anchor RISK_ACCEPTANCE_RC1 to HEAD 95b6a9e6"
"rescue/no-perder-nada-20260615-171019/stash/4","94c6ab95dd7ae4eed17bedb4c0edf5912c900d33","dffd11e7b94a27d5b800094d0b3f3e470a56a19e","","2026-06-09 09:03:38 -0600","AugustoMelara-Dev","On codex/p2-audit-completion: WIP: frontend refactor (no audit)"
"rescue/no-perder-nada-20260615-180121/stash/4","94c6ab95dd7ae4eed17bedb4c0edf5912c900d33","dffd11e7b94a27d5b800094d0b3f3e470a56a19e","","2026-06-09 09:03:38 -0600","AugustoMelara-Dev","On codex/p2-audit-completion: WIP: frontend refactor (no audit)"
"origin/rescue/no-perder-nada-20260615-171019/stash/4","94c6ab95dd7ae4eed17bedb4c0edf5912c900d33","dffd11e7b94a27d5b800094d0b3f3e470a56a19e","","2026-06-09 09:03:38 -0600","AugustoMelara-Dev","On codex/p2-audit-completion: WIP: frontend refactor (no audit)"
"origin/rescue/no-perder-nada-20260615-180121/stash/4","94c6ab95dd7ae4eed17bedb4c0edf5912c900d33","dffd11e7b94a27d5b800094d0b3f3e470a56a19e","","2026-06-09 09:03:38 -0600","AugustoMelara-Dev","On codex/p2-audit-completion: WIP: frontend refactor (no audit)"
"codex/p2-audit-completion","c431d5ddda4511f24ebeb909cc6cbaab757c02b0","4fbf08bba28e809ad1e9048f64fe77a87707a5c5","origin/codex/p2-audit-completion","2026-06-09 05:30:26 -0600","AugustoMelara-Dev","docs(qa): record cross-session partial review"
"origin/codex/p2-audit-completion","c431d5ddda4511f24ebeb909cc6cbaab757c02b0","4fbf08bba28e809ad1e9048f64fe77a87707a5c5","","2026-06-09 05:30:26 -0600","AugustoMelara-Dev","docs(qa): record cross-session partial review"
"codex/production-readiness-preflight","ab17005df5b090280fb642aafe885a5726449bb2","9b4ff71ddeca7e42d86e1bab86d976b9e1c87abc","origin/codex/production-readiness-preflight","2026-06-08 22:20:54 -0600","AugustoMelara-Dev","docs(qa): record handoff evidence review"
"origin/codex/production-readiness-preflight","ab17005df5b090280fb642aafe885a5726449bb2","9b4ff71ddeca7e42d86e1bab86d976b9e1c87abc","","2026-06-08 22:20:54 -0600","AugustoMelara-Dev","docs(qa): record handoff evidence review"
"rescue/no-perder-nada-20260615-171019/stash/5","bd05623533905c0c44964d65abbb133987f70208","2dcffcf7fb2a86ef2777e17caa124f298f053a19","","2026-06-03 14:58:29 -0600","AugustoMelara-Dev","On codex/production-readiness-preflight: wip: existing uncommitted diff"
"rescue/no-perder-nada-20260615-180121/stash/5","bd05623533905c0c44964d65abbb133987f70208","2dcffcf7fb2a86ef2777e17caa124f298f053a19","","2026-06-03 14:58:29 -0600","AugustoMelara-Dev","On codex/production-readiness-preflight: wip: existing uncommitted diff"
"origin/rescue/no-perder-nada-20260615-171019/stash/5","bd05623533905c0c44964d65abbb133987f70208","2dcffcf7fb2a86ef2777e17caa124f298f053a19","","2026-06-03 14:58:29 -0600","AugustoMelara-Dev","On codex/production-readiness-preflight: wip: existing uncommitted diff"
"origin/rescue/no-perder-nada-20260615-180121/stash/5","bd05623533905c0c44964d65abbb133987f70208","2dcffcf7fb2a86ef2777e17caa124f298f053a19","","2026-06-03 14:58:29 -0600","AugustoMelara-Dev","On codex/production-readiness-preflight: wip: existing uncommitted diff"
"codex/audit-f1-config-hardening","088232ec56ccf5108a0849156d04106db07a5592","af3f92484b51ddb552a8d9352aa5fd7cbbfa6633","origin/codex/audit-f1-config-hardening","2026-06-02 22:26:33 -0600","AugustoMelara-Dev","fix(frontend): keep dashboard as the only lazy route"
"codex/safety-pr4-current-20260603","088232ec56ccf5108a0849156d04106db07a5592","af3f92484b51ddb552a8d9352aa5fd7cbbfa6633","origin/codex/safety-pr4-current-20260603","2026-06-02 22:26:33 -0600","AugustoMelara-Dev","fix(frontend): keep dashboard as the only lazy route"
"origin/codex/audit-f1-config-hardening","088232ec56ccf5108a0849156d04106db07a5592","af3f92484b51ddb552a8d9352aa5fd7cbbfa6633","","2026-06-02 22:26:33 -0600","AugustoMelara-Dev","fix(frontend): keep dashboard as the only lazy route"
"origin/codex/safety-pr4-current-20260603","088232ec56ccf5108a0849156d04106db07a5592","af3f92484b51ddb552a8d9352aa5fd7cbbfa6633","","2026-06-02 22:26:33 -0600","AugustoMelara-Dev","fix(frontend): keep dashboard as the only lazy route"
"rescue/no-perder-nada-20260615-171019/stash/6","67ec8c3c7e1afb04a0975c81a3b114488b07852d","34d2a258dac731f3bb9dd5d2dbce7c58efbe7c70","","2026-06-02 22:17:45 -0600","AugustoMelara-Dev","On codex/audit-f1-config-hardening: safety-pr10-unrelated-paymentmodal-test-20260603"
"rescue/no-perder-nada-20260615-180121/stash/6","67ec8c3c7e1afb04a0975c81a3b114488b07852d","34d2a258dac731f3bb9dd5d2dbce7c58efbe7c70","","2026-06-02 22:17:45 -0600","AugustoMelara-Dev","On codex/audit-f1-config-hardening: safety-pr10-unrelated-paymentmodal-test-20260603"
"origin/rescue/no-perder-nada-20260615-171019/stash/6","67ec8c3c7e1afb04a0975c81a3b114488b07852d","34d2a258dac731f3bb9dd5d2dbce7c58efbe7c70","","2026-06-02 22:17:45 -0600","AugustoMelara-Dev","On codex/audit-f1-config-hardening: safety-pr10-unrelated-paymentmodal-test-20260603"
"origin/rescue/no-perder-nada-20260615-180121/stash/6","67ec8c3c7e1afb04a0975c81a3b114488b07852d","34d2a258dac731f3bb9dd5d2dbce7c58efbe7c70","","2026-06-02 22:17:45 -0600","AugustoMelara-Dev","On codex/audit-f1-config-hardening: safety-pr10-unrelated-paymentmodal-test-20260603"
"rescue/no-perder-nada-20260615-171019/stash/7","3ab1d5b41490837233abbb8ddaecf9fe6fe55427","4e727211364f2c8bc93ad5166ad6e544ab8cd7f1","","2026-06-02 22:16:24 -0600","AugustoMelara-Dev","On codex/audit-f1-config-hardening: safety-pr10-unrelated-paymentmodal-pnpm-20260603"
"rescue/no-perder-nada-20260615-180121/stash/7","3ab1d5b41490837233abbb8ddaecf9fe6fe55427","4e727211364f2c8bc93ad5166ad6e544ab8cd7f1","","2026-06-02 22:16:24 -0600","AugustoMelara-Dev","On codex/audit-f1-config-hardening: safety-pr10-unrelated-paymentmodal-pnpm-20260603"
"origin/rescue/no-perder-nada-20260615-171019/stash/7","3ab1d5b41490837233abbb8ddaecf9fe6fe55427","4e727211364f2c8bc93ad5166ad6e544ab8cd7f1","","2026-06-02 22:16:24 -0600","AugustoMelara-Dev","On codex/audit-f1-config-hardening: safety-pr10-unrelated-paymentmodal-pnpm-20260603"
"origin/rescue/no-perder-nada-20260615-180121/stash/7","3ab1d5b41490837233abbb8ddaecf9fe6fe55427","4e727211364f2c8bc93ad5166ad6e544ab8cd7f1","","2026-06-02 22:16:24 -0600","AugustoMelara-Dev","On codex/audit-f1-config-hardening: safety-pr10-unrelated-paymentmodal-pnpm-20260603"
"rescue/no-perder-nada-20260615-171019/stash/8","56540af75c15bc485407f670bbb33a46d768d6d3","74864da0bb8672ed5a55547ad681d03749e72cf3","","2026-06-02 22:08:13 -0600","AugustoMelara-Dev","On codex/audit-f1-config-hardening: safety-pr10-post-first-merge-attempt-20260603"
"rescue/no-perder-nada-20260615-180121/stash/8","56540af75c15bc485407f670bbb33a46d768d6d3","74864da0bb8672ed5a55547ad681d03749e72cf3","","2026-06-02 22:08:13 -0600","AugustoMelara-Dev","On codex/audit-f1-config-hardening: safety-pr10-post-first-merge-attempt-20260603"
"origin/rescue/no-perder-nada-20260615-171019/stash/8","56540af75c15bc485407f670bbb33a46d768d6d3","74864da0bb8672ed5a55547ad681d03749e72cf3","","2026-06-02 22:08:13 -0600","AugustoMelara-Dev","On codex/audit-f1-config-hardening: safety-pr10-post-first-merge-attempt-20260603"
"origin/rescue/no-perder-nada-20260615-180121/stash/8","56540af75c15bc485407f670bbb33a46d768d6d3","74864da0bb8672ed5a55547ad681d03749e72cf3","","2026-06-02 22:08:13 -0600","AugustoMelara-Dev","On codex/audit-f1-config-hardening: safety-pr10-post-first-merge-attempt-20260603"
"rescue/no-perder-nada-20260615-171019/stash/9","3b7ba59588e9e64daf2d7ce9acacdf8d287f76c7","afbb2db65e30c74c7e757d036292d4cc507a36c9","","2026-06-02 22:08:11 -0600","AugustoMelara-Dev","On codex/audit-f1-config-hardening: verify-baseline"
"rescue/no-perder-nada-20260615-180121/stash/9","3b7ba59588e9e64daf2d7ce9acacdf8d287f76c7","afbb2db65e30c74c7e757d036292d4cc507a36c9","","2026-06-02 22:08:11 -0600","AugustoMelara-Dev","On codex/audit-f1-config-hardening: verify-baseline"
"origin/rescue/no-perder-nada-20260615-171019/stash/9","3b7ba59588e9e64daf2d7ce9acacdf8d287f76c7","afbb2db65e30c74c7e757d036292d4cc507a36c9","","2026-06-02 22:08:11 -0600","AugustoMelara-Dev","On codex/audit-f1-config-hardening: verify-baseline"
"origin/rescue/no-perder-nada-20260615-180121/stash/9","3b7ba59588e9e64daf2d7ce9acacdf8d287f76c7","afbb2db65e30c74c7e757d036292d4cc507a36c9","","2026-06-02 22:08:11 -0600","AugustoMelara-Dev","On codex/audit-f1-config-hardening: verify-baseline"
"rescue/no-perder-nada-20260615-171019/stash/10","e5db50b1c5cacc74ae0e4c3c06ffb9d61236ebb0","e2674ed2bc9f2d45c726362db4f3f9e4cc243f7f","","2026-06-02 21:53:04 -0600","AugustoMelara-Dev","On codex/audit-f1-config-hardening: safety-pr10-second-dirty-set-20260603"
"rescue/no-perder-nada-20260615-180121/stash/10","e5db50b1c5cacc74ae0e4c3c06ffb9d61236ebb0","e2674ed2bc9f2d45c726362db4f3f9e4cc243f7f","","2026-06-02 21:53:04 -0600","AugustoMelara-Dev","On codex/audit-f1-config-hardening: safety-pr10-second-dirty-set-20260603"
"origin/rescue/no-perder-nada-20260615-171019/stash/10","e5db50b1c5cacc74ae0e4c3c06ffb9d61236ebb0","e2674ed2bc9f2d45c726362db4f3f9e4cc243f7f","","2026-06-02 21:53:04 -0600","AugustoMelara-Dev","On codex/audit-f1-config-hardening: safety-pr10-second-dirty-set-20260603"
"origin/rescue/no-perder-nada-20260615-180121/stash/10","e5db50b1c5cacc74ae0e4c3c06ffb9d61236ebb0","e2674ed2bc9f2d45c726362db4f3f9e4cc243f7f","","2026-06-02 21:53:04 -0600","AugustoMelara-Dev","On codex/audit-f1-config-hardening: safety-pr10-second-dirty-set-20260603"
"rescue/no-perder-nada-20260615-171019/stash/11","d53627a887f39f7b0779229c9876765ca6e91b18","99b76099957c9ec70a5c6c2b2abf83948c799214","","2026-06-02 21:51:36 -0600","AugustoMelara-Dev","On codex/audit-f1-config-hardening: safety-pr10-before-conflict-merge-20260603"
"rescue/no-perder-nada-20260615-180121/stash/11","d53627a887f39f7b0779229c9876765ca6e91b18","99b76099957c9ec70a5c6c2b2abf83948c799214","","2026-06-02 21:51:36 -0600","AugustoMelara-Dev","On codex/audit-f1-config-hardening: safety-pr10-before-conflict-merge-20260603"
"origin/rescue/no-perder-nada-20260615-171019/stash/11","d53627a887f39f7b0779229c9876765ca6e91b18","99b76099957c9ec70a5c6c2b2abf83948c799214","","2026-06-02 21:51:36 -0600","AugustoMelara-Dev","On codex/audit-f1-config-hardening: safety-pr10-before-conflict-merge-20260603"
"origin/rescue/no-perder-nada-20260615-180121/stash/11","d53627a887f39f7b0779229c9876765ca6e91b18","99b76099957c9ec70a5c6c2b2abf83948c799214","","2026-06-02 21:51:36 -0600","AugustoMelara-Dev","On codex/audit-f1-config-hardening: safety-pr10-before-conflict-merge-20260603"
"rescue/no-perder-nada-20260615-171019/worktree-head/033-C-/tmp/S_Hospital_release_aa26280b","aa26280b74e18a2d342aff60a2bcfb5db87a5965","62c194ecac8a5ab59a8ad26542707bb93dbdf926","","2026-06-02 21:39:02 -0600","AugustoMelara-Dev","chore(db): nullOnDelete for service_price_histories + explicit InnoDB (phase C7+C8)"
"rescue/no-perder-nada-20260615-180121/worktree-head/033-","aa26280b74e18a2d342aff60a2bcfb5db87a5965","62c194ecac8a5ab59a8ad26542707bb93dbdf926","","2026-06-02 21:39:02 -0600","AugustoMelara-Dev","chore(db): nullOnDelete for service_price_histories + explicit InnoDB (phase C7+C8)"
"origin/rescue/no-perder-nada-20260615-171019/worktree-head/033-C-/tmp/S_Hospital_release_aa26280b","aa26280b74e18a2d342aff60a2bcfb5db87a5965","62c194ecac8a5ab59a8ad26542707bb93dbdf926","","2026-06-02 21:39:02 -0600","AugustoMelara-Dev","chore(db): nullOnDelete for service_price_histories + explicit InnoDB (phase C7+C8)"
"origin/rescue/no-perder-nada-20260615-180121/worktree-head/033-","aa26280b74e18a2d342aff60a2bcfb5db87a5965","62c194ecac8a5ab59a8ad26542707bb93dbdf926","","2026-06-02 21:39:02 -0600","AugustoMelara-Dev","chore(db): nullOnDelete for service_price_histories + explicit InnoDB (phase C7+C8)"
"rescue/no-perder-nada-20260615-171019/worktree-head/043-C-/tmp/S_Hospital_release_c341cd69","c341cd6958e941818cb06822c8f48fffe2db6795","eddb1f1415e8f2a7dcaae800b89dd2317d18e88c","","2026-06-02 21:32:14 -0600","AugustoMelara-Dev","docs: add v1.0.0-rc.4 release notes (phase G1)"
"rescue/no-perder-nada-20260615-180121/worktree-head/043-","c341cd6958e941818cb06822c8f48fffe2db6795","eddb1f1415e8f2a7dcaae800b89dd2317d18e88c","","2026-06-02 21:32:14 -0600","AugustoMelara-Dev","docs: add v1.0.0-rc.4 release notes (phase G1)"
"origin/rescue/no-perder-nada-20260615-171019/worktree-head/043-C-/tmp/S_Hospital_release_c341cd69","c341cd6958e941818cb06822c8f48fffe2db6795","eddb1f1415e8f2a7dcaae800b89dd2317d18e88c","","2026-06-02 21:32:14 -0600","AugustoMelara-Dev","docs: add v1.0.0-rc.4 release notes (phase G1)"
"origin/rescue/no-perder-nada-20260615-180121/worktree-head/043-","c341cd6958e941818cb06822c8f48fffe2db6795","eddb1f1415e8f2a7dcaae800b89dd2317d18e88c","","2026-06-02 21:32:14 -0600","AugustoMelara-Dev","docs: add v1.0.0-rc.4 release notes (phase G1)"
"rescue/no-perder-nada-20260615-171019/worktree-head/009-C-/tmp/S_Hospital_release_12062039","120620390b1bad9a49cbf07a5ecc4ee3709dd82f","8f9ea3a6f50c40794f52627dd908a6a55a44a291","","2026-06-02 21:26:44 -0600","AugustoMelara-Dev","fix(authz): register resource policies safely"
"rescue/no-perder-nada-20260615-180121/worktree-head/009-","120620390b1bad9a49cbf07a5ecc4ee3709dd82f","8f9ea3a6f50c40794f52627dd908a6a55a44a291","","2026-06-02 21:26:44 -0600","AugustoMelara-Dev","fix(authz): register resource policies safely"
"origin/rescue/no-perder-nada-20260615-171019/worktree-head/009-C-/tmp/S_Hospital_release_12062039","120620390b1bad9a49cbf07a5ecc4ee3709dd82f","8f9ea3a6f50c40794f52627dd908a6a55a44a291","","2026-06-02 21:26:44 -0600","AugustoMelara-Dev","fix(authz): register resource policies safely"
"origin/rescue/no-perder-nada-20260615-180121/worktree-head/009-","120620390b1bad9a49cbf07a5ecc4ee3709dd82f","8f9ea3a6f50c40794f52627dd908a6a55a44a291","","2026-06-02 21:26:44 -0600","AugustoMelara-Dev","fix(authz): register resource policies safely"
"rescue/no-perder-nada-20260615-171019/worktree-head/041-C-/tmp/S_Hospital_release_b9d47c7c","b9d47c7cc695904e19d146d9e3783d272d79575c","f044f7c0c0a2ccc9c1c7e924cfb25a4160fab669","","2026-06-02 17:05:18 -0600","AugustoMelara-Dev","docs(ops): align agent docker commands"
"rescue/no-perder-nada-20260615-180121/worktree-head/041-","b9d47c7cc695904e19d146d9e3783d272d79575c","f044f7c0c0a2ccc9c1c7e924cfb25a4160fab669","","2026-06-02 17:05:18 -0600","AugustoMelara-Dev","docs(ops): align agent docker commands"
"origin/rescue/no-perder-nada-20260615-171019/worktree-head/041-C-/tmp/S_Hospital_release_b9d47c7c","b9d47c7cc695904e19d146d9e3783d272d79575c","f044f7c0c0a2ccc9c1c7e924cfb25a4160fab669","","2026-06-02 17:05:18 -0600","AugustoMelara-Dev","docs(ops): align agent docker commands"
"origin/rescue/no-perder-nada-20260615-180121/worktree-head/041-","b9d47c7cc695904e19d146d9e3783d272d79575c","f044f7c0c0a2ccc9c1c7e924cfb25a4160fab669","","2026-06-02 17:05:18 -0600","AugustoMelara-Dev","docs(ops): align agent docker commands"
"rescue/no-perder-nada-20260615-171019/worktree-head/042-C-/tmp/S_Hospital_release_ba6fbe17","ba6fbe172e78eadc857932f7cad1444c1637dcf6","f5f805dd698555f891081e0ffeab321d9fe5524e","","2026-06-02 17:00:41 -0600","AugustoMelara-Dev","fix(reports): document advanced filters in openapi"
"rescue/no-perder-nada-20260615-180121/worktree-head/042-","ba6fbe172e78eadc857932f7cad1444c1637dcf6","f5f805dd698555f891081e0ffeab321d9fe5524e","","2026-06-02 17:00:41 -0600","AugustoMelara-Dev","fix(reports): document advanced filters in openapi"
"origin/rescue/no-perder-nada-20260615-171019/worktree-head/042-C-/tmp/S_Hospital_release_ba6fbe17","ba6fbe172e78eadc857932f7cad1444c1637dcf6","f5f805dd698555f891081e0ffeab321d9fe5524e","","2026-06-02 17:00:41 -0600","AugustoMelara-Dev","fix(reports): document advanced filters in openapi"
"origin/rescue/no-perder-nada-20260615-180121/worktree-head/042-","ba6fbe172e78eadc857932f7cad1444c1637dcf6","f5f805dd698555f891081e0ffeab321d9fe5524e","","2026-06-02 17:00:41 -0600","AugustoMelara-Dev","fix(reports): document advanced filters in openapi"
"rescue/no-perder-nada-20260615-171019/worktree-head/027-C-/tmp/S_Hospital_release_7b9ef710","7b9ef710ffe1767ed9b692e2c6391e2372e54955","0d54cd8fb778b9c74b2836e83a39e67c79c9d265","","2026-06-02 16:50:29 -0600","AugustoMelara-Dev","test(ops): guard LAN validation evidence safety"
"rescue/no-perder-nada-20260615-180121/worktree-head/027-","7b9ef710ffe1767ed9b692e2c6391e2372e54955","0d54cd8fb778b9c74b2836e83a39e67c79c9d265","","2026-06-02 16:50:29 -0600","AugustoMelara-Dev","test(ops): guard LAN validation evidence safety"
"origin/rescue/no-perder-nada-20260615-171019/worktree-head/027-C-/tmp/S_Hospital_release_7b9ef710","7b9ef710ffe1767ed9b692e2c6391e2372e54955","0d54cd8fb778b9c74b2836e83a39e67c79c9d265","","2026-06-02 16:50:29 -0600","AugustoMelara-Dev","test(ops): guard LAN validation evidence safety"
"origin/rescue/no-perder-nada-20260615-180121/worktree-head/027-","7b9ef710ffe1767ed9b692e2c6391e2372e54955","0d54cd8fb778b9c74b2836e83a39e67c79c9d265","","2026-06-02 16:50:29 -0600","AugustoMelara-Dev","test(ops): guard LAN validation evidence safety"
"rescue/no-perder-nada-20260615-171019/worktree-head/022-C-/tmp/S_Hospital_release_6f022f01","6f022f01102e74499e76647a948b1e7b8eebcb63","7e2baf3afc9b52f55a821d3cf93916883bfe0dd3","","2026-06-02 16:41:09 -0600","AugustoMelara-Dev","fix(reports): use human cashier filter selector"
"rescue/no-perder-nada-20260615-180121/worktree-head/022-","6f022f01102e74499e76647a948b1e7b8eebcb63","7e2baf3afc9b52f55a821d3cf93916883bfe0dd3","","2026-06-02 16:41:09 -0600","AugustoMelara-Dev","fix(reports): use human cashier filter selector"
"origin/rescue/no-perder-nada-20260615-171019/worktree-head/022-C-/tmp/S_Hospital_release_6f022f01","6f022f01102e74499e76647a948b1e7b8eebcb63","7e2baf3afc9b52f55a821d3cf93916883bfe0dd3","","2026-06-02 16:41:09 -0600","AugustoMelara-Dev","fix(reports): use human cashier filter selector"
"origin/rescue/no-perder-nada-20260615-180121/worktree-head/022-","6f022f01102e74499e76647a948b1e7b8eebcb63","7e2baf3afc9b52f55a821d3cf93916883bfe0dd3","","2026-06-02 16:41:09 -0600","AugustoMelara-Dev","fix(reports): use human cashier filter selector"
"rescue/no-perder-nada-20260615-171019/worktree-head/045-C-/tmp/S_Hospital_release_c71b46ba","c71b46ba8c0bd9b6ab5316f44d0b67d4417d7bc4","4a4885e5059a7bd785b17333d84e6fb9716512e8","","2026-06-02 16:30:43 -0600","AugustoMelara-Dev","docs(ops): require LAN validation evidence"
"rescue/no-perder-nada-20260615-180121/worktree-head/045-","c71b46ba8c0bd9b6ab5316f44d0b67d4417d7bc4","4a4885e5059a7bd785b17333d84e6fb9716512e8","","2026-06-02 16:30:43 -0600","AugustoMelara-Dev","docs(ops): require LAN validation evidence"
"origin/rescue/no-perder-nada-20260615-171019/worktree-head/045-C-/tmp/S_Hospital_release_c71b46ba","c71b46ba8c0bd9b6ab5316f44d0b67d4417d7bc4","4a4885e5059a7bd785b17333d84e6fb9716512e8","","2026-06-02 16:30:43 -0600","AugustoMelara-Dev","docs(ops): require LAN validation evidence"
"origin/rescue/no-perder-nada-20260615-180121/worktree-head/045-","c71b46ba8c0bd9b6ab5316f44d0b67d4417d7bc4","4a4885e5059a7bd785b17333d84e6fb9716512e8","","2026-06-02 16:30:43 -0600","AugustoMelara-Dev","docs(ops): require LAN validation evidence"
"rescue/no-perder-nada-20260615-171019/worktree-head/030-C-/tmp/S_Hospital_release_94b36f43","94b36f43b59cfa6b3050baba0027673cdabef36b","dc678aa1cb20b176dc1afa0126d34125f4ad6e78","","2026-06-02 16:23:42 -0600","AugustoMelara-Dev","fix(ops): harden maintenance mode messaging"
"rescue/no-perder-nada-20260615-180121/worktree-head/030-","94b36f43b59cfa6b3050baba0027673cdabef36b","dc678aa1cb20b176dc1afa0126d34125f4ad6e78","","2026-06-02 16:23:42 -0600","AugustoMelara-Dev","fix(ops): harden maintenance mode messaging"
"origin/rescue/no-perder-nada-20260615-171019/worktree-head/030-C-/tmp/S_Hospital_release_94b36f43","94b36f43b59cfa6b3050baba0027673cdabef36b","dc678aa1cb20b176dc1afa0126d34125f4ad6e78","","2026-06-02 16:23:42 -0600","AugustoMelara-Dev","fix(ops): harden maintenance mode messaging"
"origin/rescue/no-perder-nada-20260615-180121/worktree-head/030-","94b36f43b59cfa6b3050baba0027673cdabef36b","dc678aa1cb20b176dc1afa0126d34125f4ad6e78","","2026-06-02 16:23:42 -0600","AugustoMelara-Dev","fix(ops): harden maintenance mode messaging"
"rescue/no-perder-nada-20260615-171019/worktree-head/019-C-/tmp/S_Hospital_release_5e1b6aad","5e1b6aad455f47b7776f2750edaa034006cbd610","95feedb876e4a9de6341542e83cba23046e98af9","","2026-06-02 16:07:51 -0600","AugustoMelara-Dev","docs(operator): ship master operator manual index"
"rescue/no-perder-nada-20260615-180121/worktree-head/019-","5e1b6aad455f47b7776f2750edaa034006cbd610","95feedb876e4a9de6341542e83cba23046e98af9","","2026-06-02 16:07:51 -0600","AugustoMelara-Dev","docs(operator): ship master operator manual index"
"origin/rescue/no-perder-nada-20260615-171019/worktree-head/019-C-/tmp/S_Hospital_release_5e1b6aad","5e1b6aad455f47b7776f2750edaa034006cbd610","95feedb876e4a9de6341542e83cba23046e98af9","","2026-06-02 16:07:51 -0600","AugustoMelara-Dev","docs(operator): ship master operator manual index"
"origin/rescue/no-perder-nada-20260615-180121/worktree-head/019-","5e1b6aad455f47b7776f2750edaa034006cbd610","95feedb876e4a9de6341542e83cba23046e98af9","","2026-06-02 16:07:51 -0600","AugustoMelara-Dev","docs(operator): ship master operator manual index"
"rescue/no-perder-nada-20260615-171019/worktree-head/028-C-/tmp/S_Hospital_release_88da8acd","88da8acd3f1ce448493be6671b7c626f24145b46","e0cbd09e6dcdc30f91203c241d6fd09d6208326e","","2026-06-02 16:06:42 -0600","AugustoMelara-Dev","fix(ops): preflight now rejects placeholder APP_KEY and dev-default DB passwords"
"rescue/no-perder-nada-20260615-180121/worktree-head/028-","88da8acd3f1ce448493be6671b7c626f24145b46","e0cbd09e6dcdc30f91203c241d6fd09d6208326e","","2026-06-02 16:06:42 -0600","AugustoMelara-Dev","fix(ops): preflight now rejects placeholder APP_KEY and dev-default DB passwords"
"origin/rescue/no-perder-nada-20260615-171019/worktree-head/028-C-/tmp/S_Hospital_release_88da8acd","88da8acd3f1ce448493be6671b7c626f24145b46","e0cbd09e6dcdc30f91203c241d6fd09d6208326e","","2026-06-02 16:06:42 -0600","AugustoMelara-Dev","fix(ops): preflight now rejects placeholder APP_KEY and dev-default DB passwords"
"origin/rescue/no-perder-nada-20260615-180121/worktree-head/028-","88da8acd3f1ce448493be6671b7c626f24145b46","e0cbd09e6dcdc30f91203c241d6fd09d6208326e","","2026-06-02 16:06:42 -0600","AugustoMelara-Dev","fix(ops): preflight now rejects placeholder APP_KEY and dev-default DB passwords"
"rescue/no-perder-nada-20260615-171019/worktree-head/026-C-/tmp/S_Hospital_release_7b7c44a1","7b7c44a1939ec8be9cf3e9753d72e44ce1523987","32b4082da3643ad40bd2e400a2560f10da564cbc","","2026-06-02 16:04:58 -0600","AugustoMelara-Dev","fix(db): move schema_extensions_for_barcode_reports.sql to _reference_DO_NOT_EXECUTE"
"rescue/no-perder-nada-20260615-180121/worktree-head/026-","7b7c44a1939ec8be9cf3e9753d72e44ce1523987","32b4082da3643ad40bd2e400a2560f10da564cbc","","2026-06-02 16:04:58 -0600","AugustoMelara-Dev","fix(db): move schema_extensions_for_barcode_reports.sql to _reference_DO_NOT_EXECUTE"
"origin/rescue/no-perder-nada-20260615-171019/worktree-head/026-C-/tmp/S_Hospital_release_7b7c44a1","7b7c44a1939ec8be9cf3e9753d72e44ce1523987","32b4082da3643ad40bd2e400a2560f10da564cbc","","2026-06-02 16:04:58 -0600","AugustoMelara-Dev","fix(db): move schema_extensions_for_barcode_reports.sql to _reference_DO_NOT_EXECUTE"
"origin/rescue/no-perder-nada-20260615-180121/worktree-head/026-","7b7c44a1939ec8be9cf3e9753d72e44ce1523987","32b4082da3643ad40bd2e400a2560f10da564cbc","","2026-06-02 16:04:58 -0600","AugustoMelara-Dev","fix(db): move schema_extensions_for_barcode_reports.sql to _reference_DO_NOT_EXECUTE"
"rescue/no-perder-nada-20260615-171019/worktree-head/050-C-/tmp/S_Hospital_release_f2ae2038","f2ae20380122e50000f8216ec1e10c02b4345f46","51b91091a09108ea1f665e0bdc13d87887202a95","","2026-06-02 15:41:30 -0600","AugustoMelara-Dev","fix(reports): show human export filters"
"rescue/no-perder-nada-20260615-180121/worktree-head/050-","f2ae20380122e50000f8216ec1e10c02b4345f46","51b91091a09108ea1f665e0bdc13d87887202a95","","2026-06-02 15:41:30 -0600","AugustoMelara-Dev","fix(reports): show human export filters"
"origin/rescue/no-perder-nada-20260615-171019/worktree-head/050-C-/tmp/S_Hospital_release_f2ae2038","f2ae20380122e50000f8216ec1e10c02b4345f46","51b91091a09108ea1f665e0bdc13d87887202a95","","2026-06-02 15:41:30 -0600","AugustoMelara-Dev","fix(reports): show human export filters"
"origin/rescue/no-perder-nada-20260615-180121/worktree-head/050-","f2ae20380122e50000f8216ec1e10c02b4345f46","51b91091a09108ea1f665e0bdc13d87887202a95","","2026-06-02 15:41:30 -0600","AugustoMelara-Dev","fix(reports): show human export filters"
"rescue/no-perder-nada-20260615-171019/worktree-head/006-C-/tmp/S_Hospital_release_01a01568","01a01568cbac935df1ae623b454acef9676ab5a5","db74f0153341514fbaa7de8f1e07c3eb3897ce98","","2026-06-02 15:33:42 -0600","AugustoMelara-Dev","docs(security): record production style nonce CSP decision"
"rescue/no-perder-nada-20260615-180121/worktree-head/006-","01a01568cbac935df1ae623b454acef9676ab5a5","db74f0153341514fbaa7de8f1e07c3eb3897ce98","","2026-06-02 15:33:42 -0600","AugustoMelara-Dev","docs(security): record production style nonce CSP decision"
"origin/rescue/no-perder-nada-20260615-171019/worktree-head/006-C-/tmp/S_Hospital_release_01a01568","01a01568cbac935df1ae623b454acef9676ab5a5","db74f0153341514fbaa7de8f1e07c3eb3897ce98","","2026-06-02 15:33:42 -0600","AugustoMelara-Dev","docs(security): record production style nonce CSP decision"
"origin/rescue/no-perder-nada-20260615-180121/worktree-head/006-","01a01568cbac935df1ae623b454acef9676ab5a5","db74f0153341514fbaa7de8f1e07c3eb3897ce98","","2026-06-02 15:33:42 -0600","AugustoMelara-Dev","docs(security): record production style nonce CSP decision"
"rescue/no-perder-nada-20260615-171019/worktree-head/008-C-/tmp/S_Hospital_release_0b956a9b","0b956a9ba493cfcb018c692cc75ea9e18288975e","c20a06f36e9ebb467e5e0396c587ee152c75884a","","2026-06-02 15:30:17 -0600","AugustoMelara-Dev","fix(reports): clarify prorated collected export labels"
"rescue/no-perder-nada-20260615-180121/worktree-head/008-","0b956a9ba493cfcb018c692cc75ea9e18288975e","c20a06f36e9ebb467e5e0396c587ee152c75884a","","2026-06-02 15:30:17 -0600","AugustoMelara-Dev","fix(reports): clarify prorated collected export labels"
"origin/rescue/no-perder-nada-20260615-171019/worktree-head/008-C-/tmp/S_Hospital_release_0b956a9b","0b956a9ba493cfcb018c692cc75ea9e18288975e","c20a06f36e9ebb467e5e0396c587ee152c75884a","","2026-06-02 15:30:17 -0600","AugustoMelara-Dev","fix(reports): clarify prorated collected export labels"
"origin/rescue/no-perder-nada-20260615-180121/worktree-head/008-","0b956a9ba493cfcb018c692cc75ea9e18288975e","c20a06f36e9ebb467e5e0396c587ee152c75884a","","2026-06-02 15:30:17 -0600","AugustoMelara-Dev","fix(reports): clarify prorated collected export labels"
"rescue/no-perder-nada-20260615-171019/worktree-head/034-C-/tmp/S_Hospital_release_abde1431","abde14316ce76a64f9dcedb5ca8a1cb658916f06","8e475a01e7b3db6501909ffc0d0ea9961201561f","","2026-06-02 15:17:20 -0600","AugustoMelara-Dev","fix(reports): normalize cash session export dates"
"rescue/no-perder-nada-20260615-180121/worktree-head/034-","abde14316ce76a64f9dcedb5ca8a1cb658916f06","8e475a01e7b3db6501909ffc0d0ea9961201561f","","2026-06-02 15:17:20 -0600","AugustoMelara-Dev","fix(reports): normalize cash session export dates"
"origin/rescue/no-perder-nada-20260615-171019/worktree-head/034-C-/tmp/S_Hospital_release_abde1431","abde14316ce76a64f9dcedb5ca8a1cb658916f06","8e475a01e7b3db6501909ffc0d0ea9961201561f","","2026-06-02 15:17:20 -0600","AugustoMelara-Dev","fix(reports): normalize cash session export dates"
"origin/rescue/no-perder-nada-20260615-180121/worktree-head/034-","abde14316ce76a64f9dcedb5ca8a1cb658916f06","8e475a01e7b3db6501909ffc0d0ea9961201561f","","2026-06-02 15:17:20 -0600","AugustoMelara-Dev","fix(reports): normalize cash session export dates"
"rescue/no-perder-nada-20260615-171019/worktree-head/037-C-/tmp/S_Hospital_release_b2fe0b43","e6512ebdc9088f98cf686c55b3dcb4623847d9fd","ccd54a36005736e1ebcec1e5101ce6d384c39535","","2026-06-02 15:13:48 -0600","AugustoMelara-Dev","refactor(frontend): consolidate duplicated formatDate helpers and drop dead formatCurrency"
"rescue/no-perder-nada-20260615-180121/worktree-head/037-","e6512ebdc9088f98cf686c55b3dcb4623847d9fd","ccd54a36005736e1ebcec1e5101ce6d384c39535","","2026-06-02 15:13:48 -0600","AugustoMelara-Dev","refactor(frontend): consolidate duplicated formatDate helpers and drop dead formatCurrency"
"origin/rescue/no-perder-nada-20260615-171019/worktree-head/037-C-/tmp/S_Hospital_release_b2fe0b43","e6512ebdc9088f98cf686c55b3dcb4623847d9fd","ccd54a36005736e1ebcec1e5101ce6d384c39535","","2026-06-02 15:13:48 -0600","AugustoMelara-Dev","refactor(frontend): consolidate duplicated formatDate helpers and drop dead formatCurrency"
"origin/rescue/no-perder-nada-20260615-180121/worktree-head/037-","e6512ebdc9088f98cf686c55b3dcb4623847d9fd","ccd54a36005736e1ebcec1e5101ce6d384c39535","","2026-06-02 15:13:48 -0600","AugustoMelara-Dev","refactor(frontend): consolidate duplicated formatDate helpers and drop dead formatCurrency"
"rescue/no-perder-nada-20260615-171019/worktree-head/052-C-/tmp/S_Hospital_verify_b2fe0b43","b2fe0b430be9aa94a955d4bb6dee57a3c8dcc62b","66f04a9fe706a308d1abee0e6515c5f70933b031","","2026-06-02 15:11:08 -0600","AugustoMelara-Dev","fix(receipts): define shared receipt datetime formatter"
"rescue/no-perder-nada-20260615-180121/worktree-head/052-","b2fe0b430be9aa94a955d4bb6dee57a3c8dcc62b","66f04a9fe706a308d1abee0e6515c5f70933b031","","2026-06-02 15:11:08 -0600","AugustoMelara-Dev","fix(receipts): define shared receipt datetime formatter"
"origin/rescue/no-perder-nada-20260615-171019/worktree-head/052-C-/tmp/S_Hospital_verify_b2fe0b43","b2fe0b430be9aa94a955d4bb6dee57a3c8dcc62b","66f04a9fe706a308d1abee0e6515c5f70933b031","","2026-06-02 15:11:08 -0600","AugustoMelara-Dev","fix(receipts): define shared receipt datetime formatter"
"origin/rescue/no-perder-nada-20260615-180121/worktree-head/052-","b2fe0b430be9aa94a955d4bb6dee57a3c8dcc62b","66f04a9fe706a308d1abee0e6515c5f70933b031","","2026-06-02 15:11:08 -0600","AugustoMelara-Dev","fix(receipts): define shared receipt datetime formatter"
"rescue/no-perder-nada-20260615-171019/worktree-head/017-C-/tmp/S_Hospital_release_3efa89d0","3efa89d0d0883dba2fbf77702facfc823c3796f7","a3f19bdd2fbf1c8e98e0f9b4c8d2bb9b6464bf07","","2026-06-02 14:51:41 -0600","AugustoMelara-Dev","fix(ops): harden docker-compose.prod with no-new-privileges, resource caps, pinned images, and build-time validation"
"rescue/no-perder-nada-20260615-180121/worktree-head/017-","3efa89d0d0883dba2fbf77702facfc823c3796f7","a3f19bdd2fbf1c8e98e0f9b4c8d2bb9b6464bf07","","2026-06-02 14:51:41 -0600","AugustoMelara-Dev","fix(ops): harden docker-compose.prod with no-new-privileges, resource caps, pinned images, and build-time validation"
"origin/rescue/no-perder-nada-20260615-171019/worktree-head/017-C-/tmp/S_Hospital_release_3efa89d0","3efa89d0d0883dba2fbf77702facfc823c3796f7","a3f19bdd2fbf1c8e98e0f9b4c8d2bb9b6464bf07","","2026-06-02 14:51:41 -0600","AugustoMelara-Dev","fix(ops): harden docker-compose.prod with no-new-privileges, resource caps, pinned images, and build-time validation"
"origin/rescue/no-perder-nada-20260615-180121/worktree-head/017-","3efa89d0d0883dba2fbf77702facfc823c3796f7","a3f19bdd2fbf1c8e98e0f9b4c8d2bb9b6464bf07","","2026-06-02 14:51:41 -0600","AugustoMelara-Dev","fix(ops): harden docker-compose.prod with no-new-privileges, resource caps, pinned images, and build-time validation"
"rescue/no-perder-nada-20260615-171019/worktree-head/029-C-/tmp/S_Hospital_release_9489e703","9489e703a938883db32f55c32224bcb235efff21","3dc9e799526f8581a273602994b6b8c2cd6e9cdc","","2026-06-02 13:55:59 -0600","AugustoMelara-Dev","feat(help): add startup and login guidance"
"rescue/no-perder-nada-20260615-180121/worktree-head/029-","9489e703a938883db32f55c32224bcb235efff21","3dc9e799526f8581a273602994b6b8c2cd6e9cdc","","2026-06-02 13:55:59 -0600","AugustoMelara-Dev","feat(help): add startup and login guidance"
"origin/rescue/no-perder-nada-20260615-171019/worktree-head/029-C-/tmp/S_Hospital_release_9489e703","9489e703a938883db32f55c32224bcb235efff21","3dc9e799526f8581a273602994b6b8c2cd6e9cdc","","2026-06-02 13:55:59 -0600","AugustoMelara-Dev","feat(help): add startup and login guidance"
"origin/rescue/no-perder-nada-20260615-180121/worktree-head/029-","9489e703a938883db32f55c32224bcb235efff21","3dc9e799526f8581a273602994b6b8c2cd6e9cdc","","2026-06-02 13:55:59 -0600","AugustoMelara-Dev","feat(help): add startup and login guidance"
"rescue/no-perder-nada-20260615-171019/worktree-head/011-C-/tmp/S_Hospital_release_2e511283","2e511283c81a3cb672f51ccde5e6a7f0591424b6","78d228994bc44c6cef0909a24c79dfaaf2250443","","2026-06-02 13:34:54 -0600","AugustoMelara-Dev","feat(help): add supervisor daily checklist"
"rescue/no-perder-nada-20260615-180121/worktree-head/011-","2e511283c81a3cb672f51ccde5e6a7f0591424b6","78d228994bc44c6cef0909a24c79dfaaf2250443","","2026-06-02 13:34:54 -0600","AugustoMelara-Dev","feat(help): add supervisor daily checklist"
"origin/rescue/no-perder-nada-20260615-171019/worktree-head/011-C-/tmp/S_Hospital_release_2e511283","2e511283c81a3cb672f51ccde5e6a7f0591424b6","78d228994bc44c6cef0909a24c79dfaaf2250443","","2026-06-02 13:34:54 -0600","AugustoMelara-Dev","feat(help): add supervisor daily checklist"
"origin/rescue/no-perder-nada-20260615-180121/worktree-head/011-","2e511283c81a3cb672f51ccde5e6a7f0591424b6","78d228994bc44c6cef0909a24c79dfaaf2250443","","2026-06-02 13:34:54 -0600","AugustoMelara-Dev","feat(help): add supervisor daily checklist"
"rescue/no-perder-nada-20260615-171019/worktree-head/044-C-/tmp/S_Hospital_release_c66af89d","c66af89d07463f3604cffc123904139770754621","ca66f73ec26e934fe1644f6e9ce6a1481865fd0b","","2026-06-02 13:23:04 -0600","AugustoMelara-Dev","docs(ops): fix backup restore copy encoding"
"rescue/no-perder-nada-20260615-180121/worktree-head/044-","c66af89d07463f3604cffc123904139770754621","ca66f73ec26e934fe1644f6e9ce6a1481865fd0b","","2026-06-02 13:23:04 -0600","AugustoMelara-Dev","docs(ops): fix backup restore copy encoding"
"origin/rescue/no-perder-nada-20260615-171019/worktree-head/044-C-/tmp/S_Hospital_release_c66af89d","c66af89d07463f3604cffc123904139770754621","ca66f73ec26e934fe1644f6e9ce6a1481865fd0b","","2026-06-02 13:23:04 -0600","AugustoMelara-Dev","docs(ops): fix backup restore copy encoding"
"origin/rescue/no-perder-nada-20260615-180121/worktree-head/044-","c66af89d07463f3604cffc123904139770754621","ca66f73ec26e934fe1644f6e9ce6a1481865fd0b","","2026-06-02 13:23:04 -0600","AugustoMelara-Dev","docs(ops): fix backup restore copy encoding"
"rescue/no-perder-nada-20260615-171019/worktree-head/024-C-/tmp/S_Hospital_release_70adee68","70adee683ba5b772c58fb239f8115521fab4da07","a2cd10295bc02c9c529f8c6ef8f1eb060a756357","","2026-06-02 11:39:21 -0600","AugustoMelara-Dev","docs(ops): capture invoice layout hardening evidence"
"rescue/no-perder-nada-20260615-180121/worktree-head/024-","70adee683ba5b772c58fb239f8115521fab4da07","a2cd10295bc02c9c529f8c6ef8f1eb060a756357","","2026-06-02 11:39:21 -0600","AugustoMelara-Dev","docs(ops): capture invoice layout hardening evidence"
"origin/rescue/no-perder-nada-20260615-171019/worktree-head/024-C-/tmp/S_Hospital_release_70adee68","70adee683ba5b772c58fb239f8115521fab4da07","a2cd10295bc02c9c529f8c6ef8f1eb060a756357","","2026-06-02 11:39:21 -0600","AugustoMelara-Dev","docs(ops): capture invoice layout hardening evidence"
"origin/rescue/no-perder-nada-20260615-180121/worktree-head/024-","70adee683ba5b772c58fb239f8115521fab4da07","a2cd10295bc02c9c529f8c6ef8f1eb060a756357","","2026-06-02 11:39:21 -0600","AugustoMelara-Dev","docs(ops): capture invoice layout hardening evidence"
"rescue/no-perder-nada-20260615-171019/worktree-head/020-C-/tmp/S_Hospital_release_6214c143_verify","6214c143c9e43c4c17f8e659b039148c11871711","6d644038a1e5e36dc10664e30619215b34a90942","","2026-06-02 11:02:52 -0600","AugustoMelara-Dev","fix(security): keep CSP nonce compatible with cashier UI"
"rescue/no-perder-nada-20260615-180121/worktree-head/020-","6214c143c9e43c4c17f8e659b039148c11871711","6d644038a1e5e36dc10664e30619215b34a90942","","2026-06-02 11:02:52 -0600","AugustoMelara-Dev","fix(security): keep CSP nonce compatible with cashier UI"
"origin/rescue/no-perder-nada-20260615-171019/worktree-head/020-C-/tmp/S_Hospital_release_6214c143_verify","6214c143c9e43c4c17f8e659b039148c11871711","6d644038a1e5e36dc10664e30619215b34a90942","","2026-06-02 11:02:52 -0600","AugustoMelara-Dev","fix(security): keep CSP nonce compatible with cashier UI"
"origin/rescue/no-perder-nada-20260615-180121/worktree-head/020-","6214c143c9e43c4c17f8e659b039148c11871711","6d644038a1e5e36dc10664e30619215b34a90942","","2026-06-02 11:02:52 -0600","AugustoMelara-Dev","fix(security): keep CSP nonce compatible with cashier UI"
"rescue/no-perder-nada-20260615-171019/worktree-head/038-C-/tmp/S_Hospital_release_b5e543b8_verify","b5e543b8cf678b33b6322e50c6954ce8c393772b","74e501fd60752af1f8f19b2663804d7a35a1f81e","","2026-06-02 10:31:24 -0600","AugustoMelara-Dev","test(billing): cover invoice quantity cents snapshots"
"rescue/no-perder-nada-20260615-180121/worktree-head/038-","b5e543b8cf678b33b6322e50c6954ce8c393772b","74e501fd60752af1f8f19b2663804d7a35a1f81e","","2026-06-02 10:31:24 -0600","AugustoMelara-Dev","test(billing): cover invoice quantity cents snapshots"
"origin/rescue/no-perder-nada-20260615-171019/worktree-head/038-C-/tmp/S_Hospital_release_b5e543b8_verify","b5e543b8cf678b33b6322e50c6954ce8c393772b","74e501fd60752af1f8f19b2663804d7a35a1f81e","","2026-06-02 10:31:24 -0600","AugustoMelara-Dev","test(billing): cover invoice quantity cents snapshots"
"origin/rescue/no-perder-nada-20260615-180121/worktree-head/038-","b5e543b8cf678b33b6322e50c6954ce8c393772b","74e501fd60752af1f8f19b2663804d7a35a1f81e","","2026-06-02 10:31:24 -0600","AugustoMelara-Dev","test(billing): cover invoice quantity cents snapshots"
"rescue/no-perder-nada-20260615-171019/worktree-head/010-C-/tmp/S_Hospital_release_27bea1ac_verify","27bea1ac27c30f39f1355873d11a97482f8eb0ff","74822e8b70525a6b27ef73c239b0a936f103f54d","","2026-06-02 10:16:40 -0600","AugustoMelara-Dev","feat(billing): persist invoice cents snapshots"
"rescue/no-perder-nada-20260615-180121/worktree-head/010-","27bea1ac27c30f39f1355873d11a97482f8eb0ff","74822e8b70525a6b27ef73c239b0a936f103f54d","","2026-06-02 10:16:40 -0600","AugustoMelara-Dev","feat(billing): persist invoice cents snapshots"
"origin/rescue/no-perder-nada-20260615-171019/worktree-head/010-C-/tmp/S_Hospital_release_27bea1ac_verify","27bea1ac27c30f39f1355873d11a97482f8eb0ff","74822e8b70525a6b27ef73c239b0a936f103f54d","","2026-06-02 10:16:40 -0600","AugustoMelara-Dev","feat(billing): persist invoice cents snapshots"
"origin/rescue/no-perder-nada-20260615-180121/worktree-head/010-","27bea1ac27c30f39f1355873d11a97482f8eb0ff","74822e8b70525a6b27ef73c239b0a936f103f54d","","2026-06-02 10:16:40 -0600","AugustoMelara-Dev","feat(billing): persist invoice cents snapshots"
"rescue/no-perder-nada-20260615-171019/worktree-head/014-C-/tmp/S_Hospital_release_3651e440","3651e440d45149edf0e5e8e5b59c7a3cbe4d3764","a3d9f0ab9bb84317c50d543cdfcb69ea2b92c897","","2026-06-02 10:15:03 -0600","AugustoMelara-Dev","feat(about): show safe admin diagnostics"
"rescue/no-perder-nada-20260615-180121/worktree-head/014-","3651e440d45149edf0e5e8e5b59c7a3cbe4d3764","a3d9f0ab9bb84317c50d543cdfcb69ea2b92c897","","2026-06-02 10:15:03 -0600","AugustoMelara-Dev","feat(about): show safe admin diagnostics"
"origin/rescue/no-perder-nada-20260615-171019/worktree-head/014-C-/tmp/S_Hospital_release_3651e440","3651e440d45149edf0e5e8e5b59c7a3cbe4d3764","a3d9f0ab9bb84317c50d543cdfcb69ea2b92c897","","2026-06-02 10:15:03 -0600","AugustoMelara-Dev","feat(about): show safe admin diagnostics"
"origin/rescue/no-perder-nada-20260615-180121/worktree-head/014-","3651e440d45149edf0e5e8e5b59c7a3cbe4d3764","a3d9f0ab9bb84317c50d543cdfcb69ea2b92c897","","2026-06-02 10:15:03 -0600","AugustoMelara-Dev","feat(about): show safe admin diagnostics"
"rescue/no-perder-nada-20260615-171019/worktree-head/047-C-/tmp/S_Hospital_release_d8f50527","d8f5052718da0d9a5da6b14c082547d677ed3c88","c6566d6a5e6807ce066eddb86e32946c07f41576","","2026-06-02 10:03:05 -0600","AugustoMelara-Dev","feat(reports): render catalog audit changes"
"rescue/no-perder-nada-20260615-180121/worktree-head/047-","d8f5052718da0d9a5da6b14c082547d677ed3c88","c6566d6a5e6807ce066eddb86e32946c07f41576","","2026-06-02 10:03:05 -0600","AugustoMelara-Dev","feat(reports): render catalog audit changes"
"origin/rescue/no-perder-nada-20260615-171019/worktree-head/047-C-/tmp/S_Hospital_release_d8f50527","d8f5052718da0d9a5da6b14c082547d677ed3c88","c6566d6a5e6807ce066eddb86e32946c07f41576","","2026-06-02 10:03:05 -0600","AugustoMelara-Dev","feat(reports): render catalog audit changes"
"origin/rescue/no-perder-nada-20260615-180121/worktree-head/047-","d8f5052718da0d9a5da6b14c082547d677ed3c88","c6566d6a5e6807ce066eddb86e32946c07f41576","","2026-06-02 10:03:05 -0600","AugustoMelara-Dev","feat(reports): render catalog audit changes"
"rescue/no-perder-nada-20260615-171019/worktree-head/048-C-/tmp/S_Hospital_release_db34a035","db34a03565f6a520a8f748459194a35e50ba0731","dcb19fea38c092d96fc17e1ec55109642e275f8f","","2026-06-02 09:51:36 -0600","AugustoMelara-Dev","fix(backups): keep evidence table readable"
"rescue/no-perder-nada-20260615-180121/worktree-head/048-","db34a03565f6a520a8f748459194a35e50ba0731","dcb19fea38c092d96fc17e1ec55109642e275f8f","","2026-06-02 09:51:36 -0600","AugustoMelara-Dev","fix(backups): keep evidence table readable"
"origin/rescue/no-perder-nada-20260615-171019/worktree-head/048-C-/tmp/S_Hospital_release_db34a035","db34a03565f6a520a8f748459194a35e50ba0731","dcb19fea38c092d96fc17e1ec55109642e275f8f","","2026-06-02 09:51:36 -0600","AugustoMelara-Dev","fix(backups): keep evidence table readable"
"origin/rescue/no-perder-nada-20260615-180121/worktree-head/048-","db34a03565f6a520a8f748459194a35e50ba0731","dcb19fea38c092d96fc17e1ec55109642e275f8f","","2026-06-02 09:51:36 -0600","AugustoMelara-Dev","fix(backups): keep evidence table readable"
"rescue/no-perder-nada-20260615-171019/worktree-head/031-C-/tmp/S_Hospital_release_9da814ff","9da814ff50c6065fd89a3e86700e9134504ef307","f516696cc88afe3bdf8e6bb001dfc80f405f2f41","","2026-06-02 09:27:58 -0600","AugustoMelara-Dev","test(backend): cover the cashier CSRF / auth boundary"
"rescue/no-perder-nada-20260615-180121/worktree-head/031-","9da814ff50c6065fd89a3e86700e9134504ef307","f516696cc88afe3bdf8e6bb001dfc80f405f2f41","","2026-06-02 09:27:58 -0600","AugustoMelara-Dev","test(backend): cover the cashier CSRF / auth boundary"
"origin/rescue/no-perder-nada-20260615-171019/worktree-head/031-C-/tmp/S_Hospital_release_9da814ff","9da814ff50c6065fd89a3e86700e9134504ef307","f516696cc88afe3bdf8e6bb001dfc80f405f2f41","","2026-06-02 09:27:58 -0600","AugustoMelara-Dev","test(backend): cover the cashier CSRF / auth boundary"
"origin/rescue/no-perder-nada-20260615-180121/worktree-head/031-","9da814ff50c6065fd89a3e86700e9134504ef307","f516696cc88afe3bdf8e6bb001dfc80f405f2f41","","2026-06-02 09:27:58 -0600","AugustoMelara-Dev","test(backend): cover the cashier CSRF / auth boundary"
"rescue/no-perder-nada-20260615-171019/worktree-head/040-C-/tmp/S_Hospital_release_b8f8ed6c","b8f8ed6c728322efd37e67a16665c2cf3f1c0701","b954a57ad1408b9e2edfbc72e33fa0748d730d43","","2026-06-02 09:02:48 -0600","AugustoMelara-Dev","feat(help): add database restore recovery guidance"
"rescue/no-perder-nada-20260615-180121/worktree-head/040-","b8f8ed6c728322efd37e67a16665c2cf3f1c0701","b954a57ad1408b9e2edfbc72e33fa0748d730d43","","2026-06-02 09:02:48 -0600","AugustoMelara-Dev","feat(help): add database restore recovery guidance"
"origin/rescue/no-perder-nada-20260615-171019/worktree-head/040-C-/tmp/S_Hospital_release_b8f8ed6c","b8f8ed6c728322efd37e67a16665c2cf3f1c0701","b954a57ad1408b9e2edfbc72e33fa0748d730d43","","2026-06-02 09:02:48 -0600","AugustoMelara-Dev","feat(help): add database restore recovery guidance"
"origin/rescue/no-perder-nada-20260615-180121/worktree-head/040-","b8f8ed6c728322efd37e67a16665c2cf3f1c0701","b954a57ad1408b9e2edfbc72e33fa0748d730d43","","2026-06-02 09:02:48 -0600","AugustoMelara-Dev","feat(help): add database restore recovery guidance"
"rescue/no-perder-nada-20260615-171019/worktree-head/007-C-/tmp/S_Hospital_release_03315714","033157142fc971ca074427a50b10fb90c5ea585f","60a0b66f0ce308a4d0901eeeaf71a11357fe4a02","","2026-06-02 08:51:25 -0600","AugustoMelara-Dev","test(backend): cover GenerateFiscalNumberAction edge cases (phase 12 hardening)"
"rescue/no-perder-nada-20260615-180121/worktree-head/007-","033157142fc971ca074427a50b10fb90c5ea585f","60a0b66f0ce308a4d0901eeeaf71a11357fe4a02","","2026-06-02 08:51:25 -0600","AugustoMelara-Dev","test(backend): cover GenerateFiscalNumberAction edge cases (phase 12 hardening)"
"origin/rescue/no-perder-nada-20260615-171019/worktree-head/007-C-/tmp/S_Hospital_release_03315714","033157142fc971ca074427a50b10fb90c5ea585f","60a0b66f0ce308a4d0901eeeaf71a11357fe4a02","","2026-06-02 08:51:25 -0600","AugustoMelara-Dev","test(backend): cover GenerateFiscalNumberAction edge cases (phase 12 hardening)"
"origin/rescue/no-perder-nada-20260615-180121/worktree-head/007-","033157142fc971ca074427a50b10fb90c5ea585f","60a0b66f0ce308a4d0901eeeaf71a11357fe4a02","","2026-06-02 08:51:25 -0600","AugustoMelara-Dev","test(backend): cover GenerateFiscalNumberAction edge cases (phase 12 hardening)"
"rescue/no-perder-nada-20260615-171019/worktree-head/023-C-/tmp/S_Hospital_release_6f4835fc","6f4835fc85aa36318dfa20e7ded018d60bf875f4","2f6138307f72fc855225106d478068315c5b534e","","2026-06-02 08:42:19 -0600","AugustoMelara-Dev","fix(invoices): sanitize invoice preview money display"
"rescue/no-perder-nada-20260615-180121/worktree-head/023-","6f4835fc85aa36318dfa20e7ded018d60bf875f4","2f6138307f72fc855225106d478068315c5b534e","","2026-06-02 08:42:19 -0600","AugustoMelara-Dev","fix(invoices): sanitize invoice preview money display"
"origin/rescue/no-perder-nada-20260615-171019/worktree-head/023-C-/tmp/S_Hospital_release_6f4835fc","6f4835fc85aa36318dfa20e7ded018d60bf875f4","2f6138307f72fc855225106d478068315c5b534e","","2026-06-02 08:42:19 -0600","AugustoMelara-Dev","fix(invoices): sanitize invoice preview money display"
"origin/rescue/no-perder-nada-20260615-180121/worktree-head/023-","6f4835fc85aa36318dfa20e7ded018d60bf875f4","2f6138307f72fc855225106d478068315c5b534e","","2026-06-02 08:42:19 -0600","AugustoMelara-Dev","fix(invoices): sanitize invoice preview money display"
"rescue/no-perder-nada-20260615-171019/worktree-head/012-C-/tmp/S_Hospital_release_310a0316","310a0316bedad4704fc3fa30bd85aabe8f4697af","124d38971eeec5df78342a29eafec2e47d49ca98","","2026-06-02 08:31:41 -0600","AugustoMelara-Dev","test(frontend): ship a11y tests for ReceiptPreview"
"rescue/no-perder-nada-20260615-180121/worktree-head/012-","310a0316bedad4704fc3fa30bd85aabe8f4697af","124d38971eeec5df78342a29eafec2e47d49ca98","","2026-06-02 08:31:41 -0600","AugustoMelara-Dev","test(frontend): ship a11y tests for ReceiptPreview"
"origin/rescue/no-perder-nada-20260615-171019/worktree-head/012-C-/tmp/S_Hospital_release_310a0316","310a0316bedad4704fc3fa30bd85aabe8f4697af","124d38971eeec5df78342a29eafec2e47d49ca98","","2026-06-02 08:31:41 -0600","AugustoMelara-Dev","test(frontend): ship a11y tests for ReceiptPreview"
"origin/rescue/no-perder-nada-20260615-180121/worktree-head/012-","310a0316bedad4704fc3fa30bd85aabe8f4697af","124d38971eeec5df78342a29eafec2e47d49ca98","","2026-06-02 08:31:41 -0600","AugustoMelara-Dev","test(frontend): ship a11y tests for ReceiptPreview"
"rescue/no-perder-nada-20260615-171019/worktree-head/036-C-/tmp/S_Hospital_release_b2393867","b2393867af4bf9a9384ab551c178421fa0bf5675","bae7a9fe5a46f01c082c4900630a4c1e5473076a","","2026-06-02 08:30:45 -0600","AugustoMelara-Dev","test(frontend): quiet axe canvas probe in jsdom"
"rescue/no-perder-nada-20260615-180121/worktree-head/036-","b2393867af4bf9a9384ab551c178421fa0bf5675","bae7a9fe5a46f01c082c4900630a4c1e5473076a","","2026-06-02 08:30:45 -0600","AugustoMelara-Dev","test(frontend): quiet axe canvas probe in jsdom"
"origin/rescue/no-perder-nada-20260615-171019/worktree-head/036-C-/tmp/S_Hospital_release_b2393867","b2393867af4bf9a9384ab551c178421fa0bf5675","bae7a9fe5a46f01c082c4900630a4c1e5473076a","","2026-06-02 08:30:45 -0600","AugustoMelara-Dev","test(frontend): quiet axe canvas probe in jsdom"
"origin/rescue/no-perder-nada-20260615-180121/worktree-head/036-","b2393867af4bf9a9384ab551c178421fa0bf5675","bae7a9fe5a46f01c082c4900630a4c1e5473076a","","2026-06-02 08:30:45 -0600","AugustoMelara-Dev","test(frontend): quiet axe canvas probe in jsdom"
"rescue/no-perder-nada-20260615-171019/worktree-head/016-C-/tmp/S_Hospital_release_3e411454","3e411454a7f451ecf413a2a4ef6315f0b8d2a4d7","1d16b9b105feb0dcedd9023893042f8d4ecc981b","","2026-06-02 08:07:40 -0600","AugustoMelara-Dev","build(backend): promote phpstan to level 4 with generated baseline"
"rescue/no-perder-nada-20260615-180121/worktree-head/016-","3e411454a7f451ecf413a2a4ef6315f0b8d2a4d7","1d16b9b105feb0dcedd9023893042f8d4ecc981b","","2026-06-02 08:07:40 -0600","AugustoMelara-Dev","build(backend): promote phpstan to level 4 with generated baseline"
"origin/rescue/no-perder-nada-20260615-171019/worktree-head/016-C-/tmp/S_Hospital_release_3e411454","3e411454a7f451ecf413a2a4ef6315f0b8d2a4d7","1d16b9b105feb0dcedd9023893042f8d4ecc981b","","2026-06-02 08:07:40 -0600","AugustoMelara-Dev","build(backend): promote phpstan to level 4 with generated baseline"
"origin/rescue/no-perder-nada-20260615-180121/worktree-head/016-","3e411454a7f451ecf413a2a4ef6315f0b8d2a4d7","1d16b9b105feb0dcedd9023893042f8d4ecc981b","","2026-06-02 08:07:40 -0600","AugustoMelara-Dev","build(backend): promote phpstan to level 4 with generated baseline"
"rescue/no-perder-nada-20260615-171019/worktree-head/013-C-/tmp/S_Hospital_release_35a4","4e64272e433772f18dd6305427919056111171a6","bf910023fa37647370d4e6f44ca7c86091d6508f","","2026-06-02 04:26:39 -0600","AugustoMelara-Dev","fix(installer): validate mysql database names"
"rescue/no-perder-nada-20260615-180121/worktree-head/013-","4e64272e433772f18dd6305427919056111171a6","bf910023fa37647370d4e6f44ca7c86091d6508f","","2026-06-02 04:26:39 -0600","AugustoMelara-Dev","fix(installer): validate mysql database names"
"origin/rescue/no-perder-nada-20260615-171019/worktree-head/013-C-/tmp/S_Hospital_release_35a4","4e64272e433772f18dd6305427919056111171a6","bf910023fa37647370d4e6f44ca7c86091d6508f","","2026-06-02 04:26:39 -0600","AugustoMelara-Dev","fix(installer): validate mysql database names"
"origin/rescue/no-perder-nada-20260615-180121/worktree-head/013-","4e64272e433772f18dd6305427919056111171a6","bf910023fa37647370d4e6f44ca7c86091d6508f","","2026-06-02 04:26:39 -0600","AugustoMelara-Dev","fix(installer): validate mysql database names"
"rescue/no-perder-nada-20260615-171019/worktree-head/046-C-/tmp/S_Hospital_release_c75f","c75fd5e4bf62e9473afc1c6003318b00ea6d71e5","488c060d9463553bdf159f80d95dc3c64b6d841c","","2026-06-02 04:21:52 -0600","AugustoMelara-Dev","fix(ops): redact url credentials in script diagnostics"
"rescue/no-perder-nada-20260615-180121/worktree-head/046-","c75fd5e4bf62e9473afc1c6003318b00ea6d71e5","488c060d9463553bdf159f80d95dc3c64b6d841c","","2026-06-02 04:21:52 -0600","AugustoMelara-Dev","fix(ops): redact url credentials in script diagnostics"
"origin/rescue/no-perder-nada-20260615-171019/worktree-head/046-C-/tmp/S_Hospital_release_c75f","c75fd5e4bf62e9473afc1c6003318b00ea6d71e5","488c060d9463553bdf159f80d95dc3c64b6d841c","","2026-06-02 04:21:52 -0600","AugustoMelara-Dev","fix(ops): redact url credentials in script diagnostics"
"origin/rescue/no-perder-nada-20260615-180121/worktree-head/046-","c75fd5e4bf62e9473afc1c6003318b00ea6d71e5","488c060d9463553bdf159f80d95dc3c64b6d841c","","2026-06-02 04:21:52 -0600","AugustoMelara-Dev","fix(ops): redact url credentials in script diagnostics"
"rescue/no-perder-nada-20260615-171019/worktree-head/051-C-/tmp/S_Hospital_release_f924","f9242064015db0ed9057dfd9dd8b70881cd98462","1c9a31c1567b28226539635df1a709e268a06072","","2026-06-02 04:17:44 -0600","AugustoMelara-Dev","docs(ops): add safe training guide"
"rescue/no-perder-nada-20260615-180121/worktree-head/051-","f9242064015db0ed9057dfd9dd8b70881cd98462","1c9a31c1567b28226539635df1a709e268a06072","","2026-06-02 04:17:44 -0600","AugustoMelara-Dev","docs(ops): add safe training guide"
"origin/rescue/no-perder-nada-20260615-171019/worktree-head/051-C-/tmp/S_Hospital_release_f924","f9242064015db0ed9057dfd9dd8b70881cd98462","1c9a31c1567b28226539635df1a709e268a06072","","2026-06-02 04:17:44 -0600","AugustoMelara-Dev","docs(ops): add safe training guide"
"origin/rescue/no-perder-nada-20260615-180121/worktree-head/051-","f9242064015db0ed9057dfd9dd8b70881cd98462","1c9a31c1567b28226539635df1a709e268a06072","","2026-06-02 04:17:44 -0600","AugustoMelara-Dev","docs(ops): add safe training guide"
"rescue/no-perder-nada-20260615-171019/worktree-head/049-C-/tmp/S_Hospital_release_e361","e3614c2057826cb8591607e047c996f5ce78c8da","46583744246e8a82175347866c5f78c79f1da6c2","","2026-06-02 04:12:36 -0600","AugustoMelara-Dev","fix(ops): redact url credentials in support messages"
"rescue/no-perder-nada-20260615-180121/worktree-head/049-","e3614c2057826cb8591607e047c996f5ce78c8da","46583744246e8a82175347866c5f78c79f1da6c2","","2026-06-02 04:12:36 -0600","AugustoMelara-Dev","fix(ops): redact url credentials in support messages"
"origin/rescue/no-perder-nada-20260615-171019/worktree-head/049-C-/tmp/S_Hospital_release_e361","e3614c2057826cb8591607e047c996f5ce78c8da","46583744246e8a82175347866c5f78c79f1da6c2","","2026-06-02 04:12:36 -0600","AugustoMelara-Dev","fix(ops): redact url credentials in support messages"
"origin/rescue/no-perder-nada-20260615-180121/worktree-head/049-","e3614c2057826cb8591607e047c996f5ce78c8da","46583744246e8a82175347866c5f78c79f1da6c2","","2026-06-02 04:12:36 -0600","AugustoMelara-Dev","fix(ops): redact url credentials in support messages"
"rescue/no-perder-nada-20260615-171019/worktree-head/025-C-/tmp/S_Hospital_release_75ba","75ba0149115951194e0ffc367052b1e1e58ccf6b","a05638940baada64e3b7c6e185d532d499a10a9f","","2026-06-02 04:08:30 -0600","AugustoMelara-Dev","fix(backups): sanitize persisted failure messages"
"rescue/no-perder-nada-20260615-180121/worktree-head/025-","75ba0149115951194e0ffc367052b1e1e58ccf6b","a05638940baada64e3b7c6e185d532d499a10a9f","","2026-06-02 04:08:30 -0600","AugustoMelara-Dev","fix(backups): sanitize persisted failure messages"
"origin/rescue/no-perder-nada-20260615-171019/worktree-head/025-C-/tmp/S_Hospital_release_75ba","75ba0149115951194e0ffc367052b1e1e58ccf6b","a05638940baada64e3b7c6e185d532d499a10a9f","","2026-06-02 04:08:30 -0600","AugustoMelara-Dev","fix(backups): sanitize persisted failure messages"
"origin/rescue/no-perder-nada-20260615-180121/worktree-head/025-","75ba0149115951194e0ffc367052b1e1e58ccf6b","a05638940baada64e3b7c6e185d532d499a10a9f","","2026-06-02 04:08:30 -0600","AugustoMelara-Dev","fix(backups): sanitize persisted failure messages"
"rescue/no-perder-nada-20260615-171019/worktree-head/015-C-/tmp/S_Hospital_release_3a5","3a5cc74324341bc5d84721142ab40f8d34b66176","c670d6b37205b70993672af41578b3d4b2270dab","","2026-06-02 04:04:24 -0600","AugustoMelara-Dev","fix(support): sanitize stored client issue context"
"rescue/no-perder-nada-20260615-180121/worktree-head/015-","3a5cc74324341bc5d84721142ab40f8d34b66176","c670d6b37205b70993672af41578b3d4b2270dab","","2026-06-02 04:04:24 -0600","AugustoMelara-Dev","fix(support): sanitize stored client issue context"
"origin/rescue/no-perder-nada-20260615-171019/worktree-head/015-C-/tmp/S_Hospital_release_3a5","3a5cc74324341bc5d84721142ab40f8d34b66176","c670d6b37205b70993672af41578b3d4b2270dab","","2026-06-02 04:04:24 -0600","AugustoMelara-Dev","fix(support): sanitize stored client issue context"
"origin/rescue/no-perder-nada-20260615-180121/worktree-head/015-","3a5cc74324341bc5d84721142ab40f8d34b66176","c670d6b37205b70993672af41578b3d4b2270dab","","2026-06-02 04:04:24 -0600","AugustoMelara-Dev","fix(support): sanitize stored client issue context"
"rescue/no-perder-nada-20260615-171019/worktree-head/035-C-/tmp/S_Hospital_release_b19c","b19c513c2a4dfda60ab57f58f42fc79e4917f216","192d581a6c5660255440e595bb2d64a5d65be88d","","2026-06-02 04:00:04 -0600","AugustoMelara-Dev","fix(support): redact credentials from client evidence urls"
"rescue/no-perder-nada-20260615-180121/worktree-head/035-","b19c513c2a4dfda60ab57f58f42fc79e4917f216","192d581a6c5660255440e595bb2d64a5d65be88d","","2026-06-02 04:00:04 -0600","AugustoMelara-Dev","fix(support): redact credentials from client evidence urls"
"origin/rescue/no-perder-nada-20260615-171019/worktree-head/035-C-/tmp/S_Hospital_release_b19c","b19c513c2a4dfda60ab57f58f42fc79e4917f216","192d581a6c5660255440e595bb2d64a5d65be88d","","2026-06-02 04:00:04 -0600","AugustoMelara-Dev","fix(support): redact credentials from client evidence urls"
"origin/rescue/no-perder-nada-20260615-180121/worktree-head/035-","b19c513c2a4dfda60ab57f58f42fc79e4917f216","192d581a6c5660255440e595bb2d64a5d65be88d","","2026-06-02 04:00:04 -0600","AugustoMelara-Dev","fix(support): redact credentials from client evidence urls"
"rescue/no-perder-nada-20260615-171019/worktree-head/021-C-/tmp/S_Hospital_release_68ed","68ed288096fb3e0f685fa510c8cef4c2e17d78c3","bafed6cdd653c96f35bb4a542ac180eda1ed5ff2","","2026-06-02 03:53:15 -0600","AugustoMelara-Dev","fix(backups): redact failed backup messages"
"rescue/no-perder-nada-20260615-180121/worktree-head/021-","68ed288096fb3e0f685fa510c8cef4c2e17d78c3","bafed6cdd653c96f35bb4a542ac180eda1ed5ff2","","2026-06-02 03:53:15 -0600","AugustoMelara-Dev","fix(backups): redact failed backup messages"
"origin/rescue/no-perder-nada-20260615-171019/worktree-head/021-C-/tmp/S_Hospital_release_68ed","68ed288096fb3e0f685fa510c8cef4c2e17d78c3","bafed6cdd653c96f35bb4a542ac180eda1ed5ff2","","2026-06-02 03:53:15 -0600","AugustoMelara-Dev","fix(backups): redact failed backup messages"
"origin/rescue/no-perder-nada-20260615-180121/worktree-head/021-","68ed288096fb3e0f685fa510c8cef4c2e17d78c3","bafed6cdd653c96f35bb4a542ac180eda1ed5ff2","","2026-06-02 03:53:15 -0600","AugustoMelara-Dev","fix(backups): redact failed backup messages"
"rescue/no-perder-nada-20260615-171019/worktree-head/032-C-/tmp/S_Hospital_release_a552","a552f27288b6255411db74860e19c68840dc4224","01919a823d69f948d07656551091b04641468ab3","","2026-06-02 03:48:36 -0600","AugustoMelara-Dev","refactor(catalog): remove unused service request import"
"rescue/no-perder-nada-20260615-180121/worktree-head/032-","a552f27288b6255411db74860e19c68840dc4224","01919a823d69f948d07656551091b04641468ab3","","2026-06-02 03:48:36 -0600","AugustoMelara-Dev","refactor(catalog): remove unused service request import"
"origin/rescue/no-perder-nada-20260615-171019/worktree-head/032-C-/tmp/S_Hospital_release_a552","a552f27288b6255411db74860e19c68840dc4224","01919a823d69f948d07656551091b04641468ab3","","2026-06-02 03:48:36 -0600","AugustoMelara-Dev","refactor(catalog): remove unused service request import"
"origin/rescue/no-perder-nada-20260615-180121/worktree-head/032-","a552f27288b6255411db74860e19c68840dc4224","01919a823d69f948d07656551091b04641468ab3","","2026-06-02 03:48:36 -0600","AugustoMelara-Dev","refactor(catalog): remove unused service request import"
"rescue/no-perder-nada-20260615-171019/worktree-head/018-C-/tmp/S_Hospital_release_44ca","44ca2d1975a520688a9d48b68f166b7b607d29b5","8bd68d133b613dc682eebc510ca0bcdea63634da","","2026-06-02 03:47:49 -0600","AugustoMelara-Dev","fix(ops): redact system status diagnostics"
"rescue/no-perder-nada-20260615-180121/worktree-head/018-","44ca2d1975a520688a9d48b68f166b7b607d29b5","8bd68d133b613dc682eebc510ca0bcdea63634da","","2026-06-02 03:47:49 -0600","AugustoMelara-Dev","fix(ops): redact system status diagnostics"
"origin/rescue/no-perder-nada-20260615-171019/worktree-head/018-C-/tmp/S_Hospital_release_44ca","44ca2d1975a520688a9d48b68f166b7b607d29b5","8bd68d133b613dc682eebc510ca0bcdea63634da","","2026-06-02 03:47:49 -0600","AugustoMelara-Dev","fix(ops): redact system status diagnostics"
"origin/rescue/no-perder-nada-20260615-180121/worktree-head/018-","44ca2d1975a520688a9d48b68f166b7b607d29b5","8bd68d133b613dc682eebc510ca0bcdea63634da","","2026-06-02 03:47:49 -0600","AugustoMelara-Dev","fix(ops): redact system status diagnostics"
"rescue/no-perder-nada-20260615-171019/worktree-head/039-C-/tmp/S_Hospital_release_b8dd","52378b584c95c2dd30e910680c00012289e0c70b","bc34769e055ea2f85a9a2a9933a58748ede7cb46","","2026-06-02 03:39:47 -0600","AugustoMelara-Dev","refactor(catalog): rely on service index request authorization"
"rescue/no-perder-nada-20260615-180121/worktree-head/039-","52378b584c95c2dd30e910680c00012289e0c70b","bc34769e055ea2f85a9a2a9933a58748ede7cb46","","2026-06-02 03:39:47 -0600","AugustoMelara-Dev","refactor(catalog): rely on service index request authorization"
"origin/rescue/no-perder-nada-20260615-171019/worktree-head/039-C-/tmp/S_Hospital_release_b8dd","52378b584c95c2dd30e910680c00012289e0c70b","bc34769e055ea2f85a9a2a9933a58748ede7cb46","","2026-06-02 03:39:47 -0600","AugustoMelara-Dev","refactor(catalog): rely on service index request authorization"
"origin/rescue/no-perder-nada-20260615-180121/worktree-head/039-","52378b584c95c2dd30e910680c00012289e0c70b","bc34769e055ea2f85a9a2a9933a58748ede7cb46","","2026-06-02 03:39:47 -0600","AugustoMelara-Dev","refactor(catalog): rely on service index request authorization"
"codex/production-readiness-hardening","31edf7d44060a455f88dec63f423e2b0add3cb18","88d961d7f7918d26a02c3d3cb6a3281dcc35473c","origin/codex/production-readiness-hardening","2026-06-01 23:50:14 -0600","AugustoMelara-Dev","fix(support): redact local diagnostic internals"
"origin/codex/production-readiness-hardening","31edf7d44060a455f88dec63f423e2b0add3cb18","88d961d7f7918d26a02c3d3cb6a3281dcc35473c","","2026-06-01 23:50:14 -0600","AugustoMelara-Dev","fix(support): redact local diagnostic internals"
"rescue/no-perder-nada-20260615-171019/stash/12","74dfa24b5777c36c308264a58e260a3a2a45924e","f55a4e0089e38f20feeddcaf0cb11eb78b28255e","","2026-06-01 23:40:45 -0600","AugustoMelara-Dev","On codex/production-readiness-hardening: codex-preserve-financial-facts-before-offline-release"
"rescue/no-perder-nada-20260615-180121/stash/12","74dfa24b5777c36c308264a58e260a3a2a45924e","f55a4e0089e38f20feeddcaf0cb11eb78b28255e","","2026-06-01 23:40:45 -0600","AugustoMelara-Dev","On codex/production-readiness-hardening: codex-preserve-financial-facts-before-offline-release"
"origin/rescue/no-perder-nada-20260615-171019/stash/12","74dfa24b5777c36c308264a58e260a3a2a45924e","f55a4e0089e38f20feeddcaf0cb11eb78b28255e","","2026-06-01 23:40:45 -0600","AugustoMelara-Dev","On codex/production-readiness-hardening: codex-preserve-financial-facts-before-offline-release"
"origin/rescue/no-perder-nada-20260615-180121/stash/12","74dfa24b5777c36c308264a58e260a3a2a45924e","f55a4e0089e38f20feeddcaf0cb11eb78b28255e","","2026-06-01 23:40:45 -0600","AugustoMelara-Dev","On codex/production-readiness-hardening: codex-preserve-financial-facts-before-offline-release"
"rescue/no-perder-nada-20260615-171019/stash/13","adc0d6ce094cd42561a61cbbd99b34ec2c29d17b","5da8884b65989fe224eae8e9c8b06d65004d6f3a","","2026-06-01 23:40:24 -0600","AugustoMelara-Dev","On codex/production-readiness-hardening: codex-preserve-income-report-before-offline-release"
"rescue/no-perder-nada-20260615-180121/stash/13","adc0d6ce094cd42561a61cbbd99b34ec2c29d17b","5da8884b65989fe224eae8e9c8b06d65004d6f3a","","2026-06-01 23:40:24 -0600","AugustoMelara-Dev","On codex/production-readiness-hardening: codex-preserve-income-report-before-offline-release"
"origin/rescue/no-perder-nada-20260615-171019/stash/13","adc0d6ce094cd42561a61cbbd99b34ec2c29d17b","5da8884b65989fe224eae8e9c8b06d65004d6f3a","","2026-06-01 23:40:24 -0600","AugustoMelara-Dev","On codex/production-readiness-hardening: codex-preserve-income-report-before-offline-release"
"origin/rescue/no-perder-nada-20260615-180121/stash/13","adc0d6ce094cd42561a61cbbd99b34ec2c29d17b","5da8884b65989fe224eae8e9c8b06d65004d6f3a","","2026-06-01 23:40:24 -0600","AugustoMelara-Dev","On codex/production-readiness-hardening: codex-preserve-income-report-before-offline-release"
"rescue/no-perder-nada-20260615-171019/stash/14","6a8d22e43c0b087e688858e2f40ee92dc653ad81","ec8ac2a59868e386970dd671495a5bdc53333fd3","","2026-06-01 23:39:51 -0600","AugustoMelara-Dev","On codex/production-readiness-hardening: codex-preserve-reports-test-before-offline-release"
"rescue/no-perder-nada-20260615-180121/stash/14","6a8d22e43c0b087e688858e2f40ee92dc653ad81","ec8ac2a59868e386970dd671495a5bdc53333fd3","","2026-06-01 23:39:51 -0600","AugustoMelara-Dev","On codex/production-readiness-hardening: codex-preserve-reports-test-before-offline-release"
"origin/rescue/no-perder-nada-20260615-171019/stash/14","6a8d22e43c0b087e688858e2f40ee92dc653ad81","ec8ac2a59868e386970dd671495a5bdc53333fd3","","2026-06-01 23:39:51 -0600","AugustoMelara-Dev","On codex/production-readiness-hardening: codex-preserve-reports-test-before-offline-release"
"origin/rescue/no-perder-nada-20260615-180121/stash/14","6a8d22e43c0b087e688858e2f40ee92dc653ad81","ec8ac2a59868e386970dd671495a5bdc53333fd3","","2026-06-01 23:39:51 -0600","AugustoMelara-Dev","On codex/production-readiness-hardening: codex-preserve-reports-test-before-offline-release"
"rescue/no-perder-nada-20260615-171019/stash/15","1956dc0f8e00a14c7fcfeb6b365e63f9c6c5cac4","544328f0c38a8a1703a9c9abdb37a7e22e6808c1","","2026-06-01 23:39:14 -0600","AugustoMelara-Dev","On codex/production-readiness-hardening: codex-preserve-unrelated-before-offline-release"
"rescue/no-perder-nada-20260615-180121/stash/15","1956dc0f8e00a14c7fcfeb6b365e63f9c6c5cac4","544328f0c38a8a1703a9c9abdb37a7e22e6808c1","","2026-06-01 23:39:14 -0600","AugustoMelara-Dev","On codex/production-readiness-hardening: codex-preserve-unrelated-before-offline-release"
"origin/rescue/no-perder-nada-20260615-171019/stash/15","1956dc0f8e00a14c7fcfeb6b365e63f9c6c5cac4","544328f0c38a8a1703a9c9abdb37a7e22e6808c1","","2026-06-01 23:39:14 -0600","AugustoMelara-Dev","On codex/production-readiness-hardening: codex-preserve-unrelated-before-offline-release"
"origin/rescue/no-perder-nada-20260615-180121/stash/15","1956dc0f8e00a14c7fcfeb6b365e63f9c6c5cac4","544328f0c38a8a1703a9c9abdb37a7e22e6808c1","","2026-06-01 23:39:14 -0600","AugustoMelara-Dev","On codex/production-readiness-hardening: codex-preserve-unrelated-before-offline-release"
"codex/audit-fix","049350daa61c5316076d27c9ae8ecd5127c233c6","f6e4e7fe7152c5fcde267c71c715b61c30149d43","origin/codex/audit-fix","2026-05-31 10:44:19 -0600","AugustoMelara-Dev","fix(ops): verify backup wrappers safely"
"origin/codex/audit-fix","049350daa61c5316076d27c9ae8ecd5127c233c6","f6e4e7fe7152c5fcde267c71c715b61c30149d43","","2026-05-31 10:44:19 -0600","AugustoMelara-Dev","fix(ops): verify backup wrappers safely"
"codex/hospital-san-isidro-hardening-field","5b433538781a29b62e22895545d8249fbd6c58bb","350e5b1ffb8da904876b399d0487e8b623ad861e","origin/codex/hospital-san-isidro-hardening-field","2026-05-31 01:18:03 -0600","AugustoMelara-Dev","Require explicit credentials in smoke tests"
"origin/codex/hospital-san-isidro-hardening-field","5b433538781a29b62e22895545d8249fbd6c58bb","350e5b1ffb8da904876b399d0487e8b623ad861e","","2026-05-31 01:18:03 -0600","AugustoMelara-Dev","Require explicit credentials in smoke tests"
"codex/hospital-san-isidro-operational-flow","60c32ce045f3fd74e1028ca080a59e3664df1692","a77e3a352de5ec750a6d5dd2cc4e7e339e775726","origin/codex/hospital-san-isidro-operational-flow","2026-05-30 23:37:06 -0600","AugustoMelara-Dev","chore: harden hospital cashier field readiness"
"origin/codex/hospital-san-isidro-operational-flow","60c32ce045f3fd74e1028ca080a59e3664df1692","a77e3a352de5ec750a6d5dd2cc4e7e339e775726","","2026-05-30 23:37:06 -0600","AugustoMelara-Dev","chore: harden hospital cashier field readiness"
"codex/hospital-san-isidro-audit-control","58701b2bf47db9b1aed14423b2f8b990b429d5ed","622e4569569301ea257a0c7633e811e8099f1649","origin/codex/hospital-san-isidro-audit-control","2026-05-30 22:04:10 -0600","AugustoMelara-Dev","feat: strengthen hospital audit and internal controls"
"origin/codex/hospital-san-isidro-audit-control","58701b2bf47db9b1aed14423b2f8b990b429d5ed","622e4569569301ea257a0c7633e811e8099f1649","","2026-05-30 22:04:10 -0600","AugustoMelara-Dev","feat: strengthen hospital audit and internal controls"
"codex/hospital-san-isidro-rc","a3e95d434daf25f7ded149ec24a58addc9683f77","635966118e98b1c56f15384151bffe79984668e2","origin/codex/hospital-san-isidro-rc","2026-05-29 17:39:07 -0600","AugustoMelara-Dev","test(release): verify hospital san isidro rc gate"
"origin/codex/hospital-san-isidro-rc","a3e95d434daf25f7ded149ec24a58addc9683f77","635966118e98b1c56f15384151bffe79984668e2","","2026-05-29 17:39:07 -0600","AugustoMelara-Dev","test(release): verify hospital san isidro rc gate"
"codex/hospital-san-isidro-hardening-field-pre-rc-backup","95dd007283c143a300be4cda7fcdfbee8ba033c9","50f84aa147f42b209d00bb278a31c1658210d994","origin/codex/hospital-san-isidro-hardening-field-pre-rc-backup","2026-05-29 15:19:00 -0600","AugustoMelara-Dev","fix: resolve hospital field qa screenshot blockers"
"origin/codex/hospital-san-isidro-hardening-field-pre-rc-backup","95dd007283c143a300be4cda7fcdfbee8ba033c9","50f84aa147f42b209d00bb278a31c1658210d994","","2026-05-29 15:19:00 -0600","AugustoMelara-Dev","fix: resolve hospital field qa screenshot blockers"
"codex/supply-chain-hardening","86e52a6b1cc4be3a14c35954d49333da0f458b0d","74aca8f85cb0dd4fa93b3cbc9689cacab1e73ddb","origin/codex/supply-chain-hardening","2026-05-27 22:46:40 -0600","AugustoMelara-Dev","feat(deploy): implement robust network and docker preflight diagnostics v2 phase 1"
"origin/codex/supply-chain-hardening","86e52a6b1cc4be3a14c35954d49333da0f458b0d","74aca8f85cb0dd4fa93b3cbc9689cacab1e73ddb","","2026-05-27 22:46:40 -0600","AugustoMelara-Dev","feat(deploy): implement robust network and docker preflight diagnostics v2 phase 1"
"codex/project-polish-audit-plan","7f22a63b1951b2000c2f9f434b3e9465cc1b8831","6d792308e6facfbc5b9da2350d9150af0669bb78","origin/codex/project-polish-audit-plan","2026-05-22 14:12:42 -0600","AugustoMelara-Dev","test(release): record project polish evidence"
"origin/codex/project-polish-audit-plan","7f22a63b1951b2000c2f9f434b3e9465cc1b8831","6d792308e6facfbc5b9da2350d9150af0669bb78","","2026-05-22 14:12:42 -0600","AugustoMelara-Dev","test(release): record project polish evidence"
"codex/operational-role-simulation","b1a728aca416201504393236e05b5559a6895567","2d46e79e2ab3c2765f1ab6ae01b987558750e8d7","origin/codex/operational-role-simulation","2026-05-19 09:05:00 -0600","AugustoMelara-Dev","fix(backups): persist current-user automation startup"
"origin/codex/operational-role-simulation","b1a728aca416201504393236e05b5559a6895567","2d46e79e2ab3c2765f1ab6ae01b987558750e8d7","","2026-05-19 09:05:00 -0600","AugustoMelara-Dev","fix(backups): persist current-user automation startup"
"rescue/no-perder-nada-20260615-171019/stash/16","00a0b62540252e6eb917ab2d3214c13dde444314","dc1c5cdc368062677c9d943904eb19dca213e0d1","","2026-05-19 00:52:51 -0600","AugustoMelara-Dev","On codex/operational-role-simulation-20260519: temp-current-leftovers-before-ux2-switch"
"rescue/no-perder-nada-20260615-180121/stash/16","00a0b62540252e6eb917ab2d3214c13dde444314","dc1c5cdc368062677c9d943904eb19dca213e0d1","","2026-05-19 00:52:51 -0600","AugustoMelara-Dev","On codex/operational-role-simulation-20260519: temp-current-leftovers-before-ux2-switch"
"origin/rescue/no-perder-nada-20260615-171019/stash/16","00a0b62540252e6eb917ab2d3214c13dde444314","dc1c5cdc368062677c9d943904eb19dca213e0d1","","2026-05-19 00:52:51 -0600","AugustoMelara-Dev","On codex/operational-role-simulation-20260519: temp-current-leftovers-before-ux2-switch"
"origin/rescue/no-perder-nada-20260615-180121/stash/16","00a0b62540252e6eb917ab2d3214c13dde444314","dc1c5cdc368062677c9d943904eb19dca213e0d1","","2026-05-19 00:52:51 -0600","AugustoMelara-Dev","On codex/operational-role-simulation-20260519: temp-current-leftovers-before-ux2-switch"
"rescue/no-perder-nada-20260615-171019/stash/17","1010a345a249703b99067ce649b2735b305e01a5","df46bfb948faf5aa2fbcd23669d7f739a9b1e28e","","2026-05-19 00:51:41 -0600","AugustoMelara-Dev","On codex/operational-role-simulation-20260519: temp-catalog-before-ux2-fix-final"
"rescue/no-perder-nada-20260615-180121/stash/17","1010a345a249703b99067ce649b2735b305e01a5","df46bfb948faf5aa2fbcd23669d7f739a9b1e28e","","2026-05-19 00:51:41 -0600","AugustoMelara-Dev","On codex/operational-role-simulation-20260519: temp-catalog-before-ux2-fix-final"
"origin/rescue/no-perder-nada-20260615-171019/stash/17","1010a345a249703b99067ce649b2735b305e01a5","df46bfb948faf5aa2fbcd23669d7f739a9b1e28e","","2026-05-19 00:51:41 -0600","AugustoMelara-Dev","On codex/operational-role-simulation-20260519: temp-catalog-before-ux2-fix-final"
"origin/rescue/no-perder-nada-20260615-180121/stash/17","1010a345a249703b99067ce649b2735b305e01a5","df46bfb948faf5aa2fbcd23669d7f739a9b1e28e","","2026-05-19 00:51:41 -0600","AugustoMelara-Dev","On codex/operational-role-simulation-20260519: temp-catalog-before-ux2-fix-final"
"rescue/no-perder-nada-20260615-171019/stash/18","6b2f004d67032db27c60ab7ac104e37ccedbd298","08134f7aa593e994af0e043bcc18ca902336d2bc","","2026-05-19 00:48:52 -0600","AugustoMelara-Dev","On codex/operational-role-simulation-20260519: temp-preflight-dirty-before-ux2-fix-final"
"rescue/no-perder-nada-20260615-180121/stash/18","6b2f004d67032db27c60ab7ac104e37ccedbd298","08134f7aa593e994af0e043bcc18ca902336d2bc","","2026-05-19 00:48:52 -0600","AugustoMelara-Dev","On codex/operational-role-simulation-20260519: temp-preflight-dirty-before-ux2-fix-final"
"origin/rescue/no-perder-nada-20260615-171019/stash/18","6b2f004d67032db27c60ab7ac104e37ccedbd298","08134f7aa593e994af0e043bcc18ca902336d2bc","","2026-05-19 00:48:52 -0600","AugustoMelara-Dev","On codex/operational-role-simulation-20260519: temp-preflight-dirty-before-ux2-fix-final"
"origin/rescue/no-perder-nada-20260615-180121/stash/18","6b2f004d67032db27c60ab7ac104e37ccedbd298","08134f7aa593e994af0e043bcc18ca902336d2bc","","2026-05-19 00:48:52 -0600","AugustoMelara-Dev","On codex/operational-role-simulation-20260519: temp-preflight-dirty-before-ux2-fix-final"
"rescue/no-perder-nada-20260615-171019/stash/19","db3a3280aac4b6ff05c8ee2a25e40f87780b48d5","c66a002c999d3c5e4ee460de79c735134284f665","","2026-05-19 00:44:06 -0600","AugustoMelara-Dev","On codex/production-readiness-preflight: wip-final-ux-audit-residue-before-preflight-closeout"
"rescue/no-perder-nada-20260615-180121/stash/19","db3a3280aac4b6ff05c8ee2a25e40f87780b48d5","c66a002c999d3c5e4ee460de79c735134284f665","","2026-05-19 00:44:06 -0600","AugustoMelara-Dev","On codex/production-readiness-preflight: wip-final-ux-audit-residue-before-preflight-closeout"
"origin/rescue/no-perder-nada-20260615-171019/stash/19","db3a3280aac4b6ff05c8ee2a25e40f87780b48d5","c66a002c999d3c5e4ee460de79c735134284f665","","2026-05-19 00:44:06 -0600","AugustoMelara-Dev","On codex/production-readiness-preflight: wip-final-ux-audit-residue-before-preflight-closeout"
"origin/rescue/no-perder-nada-20260615-180121/stash/19","db3a3280aac4b6ff05c8ee2a25e40f87780b48d5","c66a002c999d3c5e4ee460de79c735134284f665","","2026-05-19 00:44:06 -0600","AugustoMelara-Dev","On codex/production-readiness-preflight: wip-final-ux-audit-residue-before-preflight-closeout"
"rescue/no-perder-nada-20260615-171019/stash/20","3174b52fdc740d33edf53650866ecf1311543b57","08bee1b96371aacb91bf28813d80e9bb366ba158","","2026-05-19 00:43:08 -0600","AugustoMelara-Dev","On codex/production-readiness-preflight: wip-final-app-test-residue-before-preflight-closeout"
"rescue/no-perder-nada-20260615-180121/stash/20","3174b52fdc740d33edf53650866ecf1311543b57","08bee1b96371aacb91bf28813d80e9bb366ba158","","2026-05-19 00:43:08 -0600","AugustoMelara-Dev","On codex/production-readiness-preflight: wip-final-app-test-residue-before-preflight-closeout"
"origin/rescue/no-perder-nada-20260615-171019/stash/20","3174b52fdc740d33edf53650866ecf1311543b57","08bee1b96371aacb91bf28813d80e9bb366ba158","","2026-05-19 00:43:08 -0600","AugustoMelara-Dev","On codex/production-readiness-preflight: wip-final-app-test-residue-before-preflight-closeout"
"origin/rescue/no-perder-nada-20260615-180121/stash/20","3174b52fdc740d33edf53650866ecf1311543b57","08bee1b96371aacb91bf28813d80e9bb366ba158","","2026-05-19 00:43:08 -0600","AugustoMelara-Dev","On codex/production-readiness-preflight: wip-final-app-test-residue-before-preflight-closeout"
"rescue/no-perder-nada-20260615-171019/stash/21","95e0f529ba4b6414fc2211d468e0d425349003ee","271542a7915c2a2ced1ae55c7179b1e648c7f59c","","2026-05-19 00:42:44 -0600","AugustoMelara-Dev","On codex/operational-role-simulation: wip-final-app-routes-residue-before-preflight-closeout"
"rescue/no-perder-nada-20260615-180121/stash/21","95e0f529ba4b6414fc2211d468e0d425349003ee","271542a7915c2a2ced1ae55c7179b1e648c7f59c","","2026-05-19 00:42:44 -0600","AugustoMelara-Dev","On codex/operational-role-simulation: wip-final-app-routes-residue-before-preflight-closeout"
"origin/rescue/no-perder-nada-20260615-171019/stash/21","95e0f529ba4b6414fc2211d468e0d425349003ee","271542a7915c2a2ced1ae55c7179b1e648c7f59c","","2026-05-19 00:42:44 -0600","AugustoMelara-Dev","On codex/operational-role-simulation: wip-final-app-routes-residue-before-preflight-closeout"
"origin/rescue/no-perder-nada-20260615-180121/stash/21","95e0f529ba4b6414fc2211d468e0d425349003ee","271542a7915c2a2ced1ae55c7179b1e648c7f59c","","2026-05-19 00:42:44 -0600","AugustoMelara-Dev","On codex/operational-role-simulation: wip-final-app-routes-residue-before-preflight-closeout"
"rescue/no-perder-nada-20260615-171019/stash/22","813c221b5722eb28482d427d345ac28591cd475c","a03e442ae7cba091fa068187d181d964ef933936","","2026-05-19 00:42:16 -0600","AugustoMelara-Dev","On codex/production-readiness-preflight: temp-return-to-ux2-all-current-dirty"
"rescue/no-perder-nada-20260615-180121/stash/22","813c221b5722eb28482d427d345ac28591cd475c","a03e442ae7cba091fa068187d181d964ef933936","","2026-05-19 00:42:16 -0600","AugustoMelara-Dev","On codex/production-readiness-preflight: temp-return-to-ux2-all-current-dirty"
"origin/rescue/no-perder-nada-20260615-171019/stash/22","813c221b5722eb28482d427d345ac28591cd475c","a03e442ae7cba091fa068187d181d964ef933936","","2026-05-19 00:42:16 -0600","AugustoMelara-Dev","On codex/production-readiness-preflight: temp-return-to-ux2-all-current-dirty"
"origin/rescue/no-perder-nada-20260615-180121/stash/22","813c221b5722eb28482d427d345ac28591cd475c","a03e442ae7cba091fa068187d181d964ef933936","","2026-05-19 00:42:16 -0600","AugustoMelara-Dev","On codex/production-readiness-preflight: temp-return-to-ux2-all-current-dirty"
"rescue/no-perder-nada-20260615-171019/stash/23","c433cd1b33d35152b8d84e62c9f3ec475ab61d9b","47ab78314fa7802aa2878bbcfb1fac2276eefda3","","2026-05-19 00:39:04 -0600","AugustoMelara-Dev","On codex/production-readiness-preflight: wip-report-tabs-residue-before-preflight-push"
"rescue/no-perder-nada-20260615-180121/stash/23","c433cd1b33d35152b8d84e62c9f3ec475ab61d9b","47ab78314fa7802aa2878bbcfb1fac2276eefda3","","2026-05-19 00:39:04 -0600","AugustoMelara-Dev","On codex/production-readiness-preflight: wip-report-tabs-residue-before-preflight-push"
"origin/rescue/no-perder-nada-20260615-171019/stash/23","c433cd1b33d35152b8d84e62c9f3ec475ab61d9b","47ab78314fa7802aa2878bbcfb1fac2276eefda3","","2026-05-19 00:39:04 -0600","AugustoMelara-Dev","On codex/production-readiness-preflight: wip-report-tabs-residue-before-preflight-push"
"origin/rescue/no-perder-nada-20260615-180121/stash/23","c433cd1b33d35152b8d84e62c9f3ec475ab61d9b","47ab78314fa7802aa2878bbcfb1fac2276eefda3","","2026-05-19 00:39:04 -0600","AugustoMelara-Dev","On codex/production-readiness-preflight: wip-report-tabs-residue-before-preflight-push"
"rescue/no-perder-nada-20260615-171019/stash/24","c6ae34f3410423ad865f3d406ca97d07834baa2d","ef357aa5bf2ccead508653011ca2a1fbcc42aaa8","","2026-05-19 00:38:41 -0600","AugustoMelara-Dev","On codex/production-readiness-preflight: wip-service-sales-residue-before-preflight-push"
"rescue/no-perder-nada-20260615-180121/stash/24","c6ae34f3410423ad865f3d406ca97d07834baa2d","ef357aa5bf2ccead508653011ca2a1fbcc42aaa8","","2026-05-19 00:38:41 -0600","AugustoMelara-Dev","On codex/production-readiness-preflight: wip-service-sales-residue-before-preflight-push"
"origin/rescue/no-perder-nada-20260615-171019/stash/24","c6ae34f3410423ad865f3d406ca97d07834baa2d","ef357aa5bf2ccead508653011ca2a1fbcc42aaa8","","2026-05-19 00:38:41 -0600","AugustoMelara-Dev","On codex/production-readiness-preflight: wip-service-sales-residue-before-preflight-push"
"origin/rescue/no-perder-nada-20260615-180121/stash/24","c6ae34f3410423ad865f3d406ca97d07834baa2d","ef357aa5bf2ccead508653011ca2a1fbcc42aaa8","","2026-05-19 00:38:41 -0600","AugustoMelara-Dev","On codex/production-readiness-preflight: wip-service-sales-residue-before-preflight-push"
"rescue/no-perder-nada-20260615-171019/stash/25","1efa365b43ce4804ec36d47ffede1cdc7a5b0458","3f7856e3d935fd74b0d5ac3acfc3396ededd7440","","2026-05-19 00:38:29 -0600","AugustoMelara-Dev","On codex/production-readiness-preflight: wip-post-e2e-operational-residue-before-preflight-push"
"rescue/no-perder-nada-20260615-180121/stash/25","1efa365b43ce4804ec36d47ffede1cdc7a5b0458","3f7856e3d935fd74b0d5ac3acfc3396ededd7440","","2026-05-19 00:38:29 -0600","AugustoMelara-Dev","On codex/production-readiness-preflight: wip-post-e2e-operational-residue-before-preflight-push"
"origin/rescue/no-perder-nada-20260615-171019/stash/25","1efa365b43ce4804ec36d47ffede1cdc7a5b0458","3f7856e3d935fd74b0d5ac3acfc3396ededd7440","","2026-05-19 00:38:29 -0600","AugustoMelara-Dev","On codex/production-readiness-preflight: wip-post-e2e-operational-residue-before-preflight-push"
"origin/rescue/no-perder-nada-20260615-180121/stash/25","1efa365b43ce4804ec36d47ffede1cdc7a5b0458","3f7856e3d935fd74b0d5ac3acfc3396ededd7440","","2026-05-19 00:38:29 -0600","AugustoMelara-Dev","On codex/production-readiness-preflight: wip-post-e2e-operational-residue-before-preflight-push"
"rescue/no-perder-nada-20260615-171019/stash/26","dbc961ded8ec282c7cbb2f32ca6d95d48374774b","02a0e350dd2e4e635e8ef04a890b9e4b1a95d19e","","2026-05-19 00:37:09 -0600","AugustoMelara-Dev","On codex/production-readiness-preflight: wip-post-build-frontend-residue-before-preflight-push"
"rescue/no-perder-nada-20260615-180121/stash/26","dbc961ded8ec282c7cbb2f32ca6d95d48374774b","02a0e350dd2e4e635e8ef04a890b9e4b1a95d19e","","2026-05-19 00:37:09 -0600","AugustoMelara-Dev","On codex/production-readiness-preflight: wip-post-build-frontend-residue-before-preflight-push"
"origin/rescue/no-perder-nada-20260615-171019/stash/26","dbc961ded8ec282c7cbb2f32ca6d95d48374774b","02a0e350dd2e4e635e8ef04a890b9e4b1a95d19e","","2026-05-19 00:37:09 -0600","AugustoMelara-Dev","On codex/production-readiness-preflight: wip-post-build-frontend-residue-before-preflight-push"
"origin/rescue/no-perder-nada-20260615-180121/stash/26","dbc961ded8ec282c7cbb2f32ca6d95d48374774b","02a0e350dd2e4e635e8ef04a890b9e4b1a95d19e","","2026-05-19 00:37:09 -0600","AugustoMelara-Dev","On codex/production-readiness-preflight: wip-post-build-frontend-residue-before-preflight-push"
"rescue/no-perder-nada-20260615-171019/stash/27","6ca25f2de318c3c66e7ab8462f6dc04c7cc5d610","c7eafaef4842a493c04ce3d574b0338659fb211a","","2026-05-19 00:35:09 -0600","AugustoMelara-Dev","On codex/production-readiness-preflight: wip-more-frontend-residue-before-preflight-push"
"rescue/no-perder-nada-20260615-180121/stash/27","6ca25f2de318c3c66e7ab8462f6dc04c7cc5d610","c7eafaef4842a493c04ce3d574b0338659fb211a","","2026-05-19 00:35:09 -0600","AugustoMelara-Dev","On codex/production-readiness-preflight: wip-more-frontend-residue-before-preflight-push"
"origin/rescue/no-perder-nada-20260615-171019/stash/27","6ca25f2de318c3c66e7ab8462f6dc04c7cc5d610","c7eafaef4842a493c04ce3d574b0338659fb211a","","2026-05-19 00:35:09 -0600","AugustoMelara-Dev","On codex/production-readiness-preflight: wip-more-frontend-residue-before-preflight-push"
"origin/rescue/no-perder-nada-20260615-180121/stash/27","6ca25f2de318c3c66e7ab8462f6dc04c7cc5d610","c7eafaef4842a493c04ce3d574b0338659fb211a","","2026-05-19 00:35:09 -0600","AugustoMelara-Dev","On codex/production-readiness-preflight: wip-more-frontend-residue-before-preflight-push"
"rescue/no-perder-nada-20260615-171019/stash/28","a4da086e67ceaa003d257b2084b4f19ce519f3bc","9185f4fcbcf133e8ed97d5437db83cae5b6aa35f","","2026-05-19 00:34:56 -0600","AugustoMelara-Dev","On codex/production-readiness-preflight: wip-auditoria-export-residue-before-preflight-push"
"rescue/no-perder-nada-20260615-180121/stash/28","a4da086e67ceaa003d257b2084b4f19ce519f3bc","9185f4fcbcf133e8ed97d5437db83cae5b6aa35f","","2026-05-19 00:34:56 -0600","AugustoMelara-Dev","On codex/production-readiness-preflight: wip-auditoria-export-residue-before-preflight-push"
"origin/rescue/no-perder-nada-20260615-171019/stash/28","a4da086e67ceaa003d257b2084b4f19ce519f3bc","9185f4fcbcf133e8ed97d5437db83cae5b6aa35f","","2026-05-19 00:34:56 -0600","AugustoMelara-Dev","On codex/production-readiness-preflight: wip-auditoria-export-residue-before-preflight-push"
"origin/rescue/no-perder-nada-20260615-180121/stash/28","a4da086e67ceaa003d257b2084b4f19ce519f3bc","9185f4fcbcf133e8ed97d5437db83cae5b6aa35f","","2026-05-19 00:34:56 -0600","AugustoMelara-Dev","On codex/production-readiness-preflight: wip-auditoria-export-residue-before-preflight-push"
"rescue/no-perder-nada-20260615-171019/stash/29","74fb4928b0abe5d445fbd4967a4e9aee0ccae47a","36116b0e3937fbadb4193830aa17dc2487204148","","2026-05-19 00:34:35 -0600","AugustoMelara-Dev","On codex/production-readiness-preflight: wip-frontend-residue-before-preflight-push"
"rescue/no-perder-nada-20260615-180121/stash/29","74fb4928b0abe5d445fbd4967a4e9aee0ccae47a","36116b0e3937fbadb4193830aa17dc2487204148","","2026-05-19 00:34:35 -0600","AugustoMelara-Dev","On codex/production-readiness-preflight: wip-frontend-residue-before-preflight-push"
"origin/rescue/no-perder-nada-20260615-171019/stash/29","74fb4928b0abe5d445fbd4967a4e9aee0ccae47a","36116b0e3937fbadb4193830aa17dc2487204148","","2026-05-19 00:34:35 -0600","AugustoMelara-Dev","On codex/production-readiness-preflight: wip-frontend-residue-before-preflight-push"
"origin/rescue/no-perder-nada-20260615-180121/stash/29","74fb4928b0abe5d445fbd4967a4e9aee0ccae47a","36116b0e3937fbadb4193830aa17dc2487204148","","2026-05-19 00:34:35 -0600","AugustoMelara-Dev","On codex/production-readiness-preflight: wip-frontend-residue-before-preflight-push"
"rescue/no-perder-nada-20260615-171019/stash/30","ba43481f79a0c2dbe8425dd671c96e72b211f9f7","7f445ee37a048138eebd71ee458d7a8c1ddd2dbc","","2026-05-19 00:34:04 -0600","AugustoMelara-Dev","On codex/operational-role-simulation: wip-operational-sim-after-clean-preflight-gates"
"rescue/no-perder-nada-20260615-180121/stash/30","ba43481f79a0c2dbe8425dd671c96e72b211f9f7","7f445ee37a048138eebd71ee458d7a8c1ddd2dbc","","2026-05-19 00:34:04 -0600","AugustoMelara-Dev","On codex/operational-role-simulation: wip-operational-sim-after-clean-preflight-gates"
"origin/rescue/no-perder-nada-20260615-171019/stash/30","ba43481f79a0c2dbe8425dd671c96e72b211f9f7","7f445ee37a048138eebd71ee458d7a8c1ddd2dbc","","2026-05-19 00:34:04 -0600","AugustoMelara-Dev","On codex/operational-role-simulation: wip-operational-sim-after-clean-preflight-gates"
"origin/rescue/no-perder-nada-20260615-180121/stash/30","ba43481f79a0c2dbe8425dd671c96e72b211f9f7","7f445ee37a048138eebd71ee458d7a8c1ddd2dbc","","2026-05-19 00:34:04 -0600","AugustoMelara-Dev","On codex/operational-role-simulation: wip-operational-sim-after-clean-preflight-gates"
"rescue/no-perder-nada-20260615-171019/stash/31","48ce8b42c18064f4d30551e08b7b969311675793","59f4e2a435a7c393298a228d0cfb8fa4bfe6071a","","2026-05-19 00:33:14 -0600","AugustoMelara-Dev","On codex/operational-role-simulation: temp-ux2-gate-unrelated-3"
"rescue/no-perder-nada-20260615-180121/stash/31","48ce8b42c18064f4d30551e08b7b969311675793","59f4e2a435a7c393298a228d0cfb8fa4bfe6071a","","2026-05-19 00:33:14 -0600","AugustoMelara-Dev","On codex/operational-role-simulation: temp-ux2-gate-unrelated-3"
"origin/rescue/no-perder-nada-20260615-171019/stash/31","48ce8b42c18064f4d30551e08b7b969311675793","59f4e2a435a7c393298a228d0cfb8fa4bfe6071a","","2026-05-19 00:33:14 -0600","AugustoMelara-Dev","On codex/operational-role-simulation: temp-ux2-gate-unrelated-3"
"origin/rescue/no-perder-nada-20260615-180121/stash/31","48ce8b42c18064f4d30551e08b7b969311675793","59f4e2a435a7c393298a228d0cfb8fa4bfe6071a","","2026-05-19 00:33:14 -0600","AugustoMelara-Dev","On codex/operational-role-simulation: temp-ux2-gate-unrelated-3"
"rescue/no-perder-nada-20260615-171019/stash/32","26190426a5da806877eec724cbb44ded9a7ab803","0569e20b2d21f5e260da7916d3df6bc8f6642d8c","","2026-05-19 00:32:52 -0600","AugustoMelara-Dev","On codex/operational-role-simulation: temp-ux2-gate-unrelated-2"
"rescue/no-perder-nada-20260615-180121/stash/32","26190426a5da806877eec724cbb44ded9a7ab803","0569e20b2d21f5e260da7916d3df6bc8f6642d8c","","2026-05-19 00:32:52 -0600","AugustoMelara-Dev","On codex/operational-role-simulation: temp-ux2-gate-unrelated-2"
"origin/rescue/no-perder-nada-20260615-171019/stash/32","26190426a5da806877eec724cbb44ded9a7ab803","0569e20b2d21f5e260da7916d3df6bc8f6642d8c","","2026-05-19 00:32:52 -0600","AugustoMelara-Dev","On codex/operational-role-simulation: temp-ux2-gate-unrelated-2"
"origin/rescue/no-perder-nada-20260615-180121/stash/32","26190426a5da806877eec724cbb44ded9a7ab803","0569e20b2d21f5e260da7916d3df6bc8f6642d8c","","2026-05-19 00:32:52 -0600","AugustoMelara-Dev","On codex/operational-role-simulation: temp-ux2-gate-unrelated-2"
"rescue/no-perder-nada-20260615-171019/stash/33","633db4f87cb398b1f603337a9530446794435c88","4bec8004b2dc4ea74a8a6a0337eeff5b2be44f08","","2026-05-19 00:32:29 -0600","AugustoMelara-Dev","On codex/operational-role-simulation: temp-ux2-gate-unrelated"
"rescue/no-perder-nada-20260615-180121/stash/33","633db4f87cb398b1f603337a9530446794435c88","4bec8004b2dc4ea74a8a6a0337eeff5b2be44f08","","2026-05-19 00:32:29 -0600","AugustoMelara-Dev","On codex/operational-role-simulation: temp-ux2-gate-unrelated"
"origin/rescue/no-perder-nada-20260615-171019/stash/33","633db4f87cb398b1f603337a9530446794435c88","4bec8004b2dc4ea74a8a6a0337eeff5b2be44f08","","2026-05-19 00:32:29 -0600","AugustoMelara-Dev","On codex/operational-role-simulation: temp-ux2-gate-unrelated"
"origin/rescue/no-perder-nada-20260615-180121/stash/33","633db4f87cb398b1f603337a9530446794435c88","4bec8004b2dc4ea74a8a6a0337eeff5b2be44f08","","2026-05-19 00:32:29 -0600","AugustoMelara-Dev","On codex/operational-role-simulation: temp-ux2-gate-unrelated"
"rescue/no-perder-nada-20260615-171019/stash/34","5ce6590fd9c66decc6ac689a051ebfe23bfe1002","b0b9be29e7ed11b6973e13dde44fee7edde820c9","","2026-05-19 00:26:03 -0600","AugustoMelara-Dev","On codex/operational-role-simulation: wip-ux-2-3-4-changes-before-preflight-push"
"rescue/no-perder-nada-20260615-180121/stash/34","5ce6590fd9c66decc6ac689a051ebfe23bfe1002","b0b9be29e7ed11b6973e13dde44fee7edde820c9","","2026-05-19 00:26:03 -0600","AugustoMelara-Dev","On codex/operational-role-simulation: wip-ux-2-3-4-changes-before-preflight-push"
"origin/rescue/no-perder-nada-20260615-171019/stash/34","5ce6590fd9c66decc6ac689a051ebfe23bfe1002","b0b9be29e7ed11b6973e13dde44fee7edde820c9","","2026-05-19 00:26:03 -0600","AugustoMelara-Dev","On codex/operational-role-simulation: wip-ux-2-3-4-changes-before-preflight-push"
"origin/rescue/no-perder-nada-20260615-180121/stash/34","5ce6590fd9c66decc6ac689a051ebfe23bfe1002","b0b9be29e7ed11b6973e13dde44fee7edde820c9","","2026-05-19 00:26:03 -0600","AugustoMelara-Dev","On codex/operational-role-simulation: wip-ux-2-3-4-changes-before-preflight-push"
"codex/operational-role-simulation-20260519","186e8c2d75021af8c5c875058c4f6339d7a4c429","e7fd06bf6884a13fe42017b36fabeaca3674846e","origin/codex/operational-role-simulation-20260519","2026-05-18 23:47:12 -0600","AugustoMelara-Dev","fix(release): align physical proof templates with preflight"
"codex/safety-pr4-local-head-20260603","186e8c2d75021af8c5c875058c4f6339d7a4c429","e7fd06bf6884a13fe42017b36fabeaca3674846e","origin/codex/safety-pr4-local-head-20260603","2026-05-18 23:47:12 -0600","AugustoMelara-Dev","fix(release): align physical proof templates with preflight"
"origin/codex/operational-role-simulation-20260519","186e8c2d75021af8c5c875058c4f6339d7a4c429","e7fd06bf6884a13fe42017b36fabeaca3674846e","","2026-05-18 23:47:12 -0600","AugustoMelara-Dev","fix(release): align physical proof templates with preflight"
"origin/codex/safety-pr4-local-head-20260603","186e8c2d75021af8c5c875058c4f6339d7a4c429","e7fd06bf6884a13fe42017b36fabeaca3674846e","","2026-05-18 23:47:12 -0600","AugustoMelara-Dev","fix(release): align physical proof templates with preflight"
"codex/safety-pr4-remote-head-20260603","77ea95af23862e7127948888ce59394fcde47d4e","7262bd7a29ba103268b6161ebb294d1fae4eafac","origin/codex/safety-pr4-remote-head-20260603","2026-05-18 22:47:08 -0600","AugustoMelara-Dev","fix(release): enforce production physical readiness proofs"
"origin/codex/safety-pr4-remote-head-20260603","77ea95af23862e7127948888ce59394fcde47d4e","7262bd7a29ba103268b6161ebb294d1fae4eafac","","2026-05-18 22:47:08 -0600","AugustoMelara-Dev","fix(release): enforce production physical readiness proofs"
"codex/final-product-pos-search-validation","58fa3fedb9b5fc6f85f7f8c2e0d48518e2a64a24","77061373956d88e86c9fba50e1e9b460f177c3ad","origin/codex/final-product-pos-search-validation","2026-05-18 12:22:54 -0600","AugustoMelara-Dev","fix(pos): remove stale history reprint handler"
"origin/codex/final-product-pos-search-validation","58fa3fedb9b5fc6f85f7f8c2e0d48518e2a64a24","77061373956d88e86c9fba50e1e9b460f177c3ad","","2026-05-18 12:22:54 -0600","AugustoMelara-Dev","fix(pos): remove stale history reprint handler"
"phase-12-final-product-ux","f8f6fc8e4c3b2b19eb055be631194a1044fe3d74","dd6371b9ca5a430e14acca9cf7567f28dfbb3efc","origin/phase-12-final-product-ux","2026-05-17 15:40:24 -0600","AugustoMelara-Dev","docs(phase-12): add final product ux rebuild planning package"
"origin/phase-12-final-product-ux","f8f6fc8e4c3b2b19eb055be631194a1044fe3d74","dd6371b9ca5a430e14acca9cf7567f28dfbb3efc","","2026-05-17 15:40:24 -0600","AugustoMelara-Dev","docs(phase-12): add final product ux rebuild planning package"
"codex/phase-6-invoice-history-reprint-void","5b50e6d9df5159c41fe07adf9385304e049de289","1a35f82bda89c995f9fa02726124c839318aad3b","origin/codex/phase-6-invoice-history-reprint-void","2026-05-17 15:11:50 -0600","AugustoMelara-Dev","feat(release): implement field deployment validation and enhance asset response types"
"origin/codex/phase-6-invoice-history-reprint-void","5b50e6d9df5159c41fe07adf9385304e049de289","1a35f82bda89c995f9fa02726124c839318aad3b","","2026-05-17 15:11:50 -0600","AugustoMelara-Dev","feat(release): implement field deployment validation and enhance asset response types"
